Timestamp;FLOOR
2026-03-31 10:27:19;0
2026-03-31 10:31:57;1
2026-03-31 10:36:35;0
2026-03-31 10:41:16;1
2026-03-31 10:45:57;0
2026-03-31 10:50:35;1
2026-03-31 10:55:16;0
2026-03-31 11:00:00;1
2026-03-31 11:09:34;0
2026-03-31 11:09:34;1
2026-03-31 11:09:40;1
2026-03-31 11:09:40;1
2026-03-31 11:23:38;0
2026-03-31 11:28:18;1
2026-03-31 11:28:18;1
2026-03-31 11:32:56;0
2026-03-31 11:32:56;1
2026-03-31 11:46:55;0
2026-03-31 11:51:44;1
2026-03-31 11:51:44;1
2026-03-31 12:09:35;0
2026-03-31 12:09:35;1
2026-03-31 12:28:59;0
2026-03-31 12:29:08;1
2026-03-31 12:33:35;0
2026-03-31 12:38:32;1
2026-03-31 12:47:52;0
2026-03-31 12:47:52;0
2026-03-31 12:52:20;1
2026-03-31 12:52:20;1
2026-03-31 12:56:57;0
2026-03-31 13:01:36;1
2026-03-31 13:06:15;0
2026-03-31 13:06:15;1
2026-03-31 13:09:35;0
2026-03-31 13:09:35;1
2026-03-31 13:10:58;0
2026-03-31 13:10:58;0
2026-03-31 13:10:58;1
2026-03-31 13:15:37;0
2026-03-31 13:20:15;1
2026-03-31 13:24:54;0
2026-03-31 13:24:54;0
2026-03-31 13:29:35;1
2026-03-31 13:29:49;0
2026-03-31 13:39:00;1
2026-03-31 13:43:38;0
2026-03-31 13:43:47;1
2026-03-31 13:48:17;0
2026-03-31 13:48:26;1
2026-03-31 13:52:58;0
2026-03-31 13:57:38;1
2026-03-31 14:09:33;0
2026-03-31 14:09:33;1
2026-03-31 14:10:57;1
2026-03-31 14:15:35;0
2026-03-31 14:20:22;1
2026-03-31 14:34:17;0
2026-03-31 14:38:56;1
2026-03-31 14:38:56;1
2026-03-31 14:43:37;0
2026-03-31 14:43:37;0
2026-03-31 14:43:52;1
2026-03-31 14:48:20;0
2026-03-31 14:53:07;1
2026-03-31 15:06:55;0
2026-03-31 15:09:33;0
2026-03-31 15:09:33;1
2026-03-31 15:16:22;1
2026-03-31 15:20:59;0
2026-03-31 15:20:59;0
2026-03-31 15:30:14;1
2026-03-31 15:34:57;0
2026-03-31 15:34:57;0
2026-03-31 15:35:06;1
2026-03-31 15:53:35;0
2026-03-31 15:58:15;1
2026-03-31 15:58:15;0
2026-03-31 15:58:15;0
2026-03-31 16:02:57;1
2026-03-31 16:09:33;0
2026-03-31 16:09:33;1
2026-03-31 16:24:11;1
2026-03-31 16:24:11;0
2026-03-31 16:28:49;1
2026-03-31 16:28:58;0
2026-03-31 16:38:13;1
2026-03-31 16:38:13;1
2026-03-31 16:42:48;0
2026-03-31 16:42:48;0
2026-03-31 16:47:29;1
2026-03-31 16:47:29;1
2026-03-31 16:56:50;0
2026-03-31 16:56:50;0
2026-03-31 16:56:57;1
2026-03-31 16:56:57;1
2026-03-31 17:06:23;0
2026-03-31 17:06:23;0
2026-03-31 17:09:33;0
2026-03-31 17:09:33;1
2026-03-31 17:10:53;1
2026-03-31 17:39:09;1
2026-03-31 17:57:51;0
2026-03-31 17:57:51;1
2026-03-31 18:07:15;0
2026-03-31 18:09:33;0
2026-03-31 18:09:33;1
2026-03-31 18:12:02;1
2026-03-31 18:12:02;1
2026-03-31 18:21:08;0
2026-03-31 18:30:30;1
2026-03-31 18:30:30;1
2026-03-31 18:35:11;0
2026-03-31 18:39:47;1
2026-03-31 18:39:48;1
2026-03-31 18:44:31;0
2026-03-31 18:44:40;1
2026-03-31 18:54:10;1
2026-03-31 18:59:00;0
2026-03-31 19:03:29;1
2026-03-31 19:09:34;0
2026-03-31 19:09:34;1
2026-03-31 19:17:27;0
2026-03-31 19:22:11;1
2026-03-31 19:31:28;0
2026-03-31 19:36:15;1
2026-03-31 19:45:26;0
2026-03-31 19:45:33;1
2026-03-31 19:59:28;0
2026-03-31 19:59:28;1
2026-03-31 19:59:28;1
2026-03-31 20:08:47;0
2026-03-31 20:09:33;0
2026-03-31 20:09:33;1
2026-03-31 20:18:08;1
2026-03-31 20:18:08;1
2026-03-31 20:32:07;0
2026-03-31 20:32:07;0
2026-03-31 20:32:24;1
2026-03-31 21:09:33;0
2026-03-31 21:09:33;1
2026-03-31 21:32:49;0
2026-03-31 21:37:30;1
2026-03-31 22:09:33;0
2026-03-31 22:09:34;1
2026-03-31 22:10:13;0
2026-03-31 22:14:49;1
2026-03-31 22:19:27;0
2026-03-31 22:19:46;1
2026-03-31 23:09:33;0
2026-03-31 23:09:33;1
2026-04-01 00:09:33;0
2026-04-01 00:09:34;1
2026-04-01 00:33:08;1
2026-04-01 00:33:08;1
2026-04-01 00:44:50;1
2026-04-01 00:58:52;0
2026-04-01 01:03:33;1
2026-04-01 01:03:33;1
2026-04-01 01:09:33;0
2026-04-01 01:09:33;1
2026-04-01 01:22:11;0
2026-04-01 01:26:54;1
2026-04-01 02:09:33;0
2026-04-01 02:09:33;1
2026-04-01 02:22:52;0
2026-04-01 02:22:52;0
2026-04-01 03:09:32;0
2026-04-01 03:09:32;1
2026-04-01 04:00:53;1
2026-04-01 04:09:32;0
2026-04-01 04:09:32;1
2026-04-01 04:47:32;0
2026-04-01 04:47:32;0
2026-04-01 05:09:31;0
2026-04-01 05:09:31;1
2026-04-01 06:09:32;0
2026-04-01 06:09:32;1
2026-04-01 06:11:31;1
2026-04-01 06:44:18;0
2026-04-01 06:44:18;0
2026-04-01 06:48:57;1
2026-04-01 06:53:31;0
2026-04-01 07:02:51;1
2026-04-01 07:02:51;1
2026-04-01 07:09:32;0
2026-04-01 07:09:32;1
2026-04-01 07:16:53;0
2026-04-01 07:30:54;1
2026-04-01 07:40:12;0
2026-04-01 07:40:12;0
2026-04-01 07:44:54;1
2026-04-01 07:49:47;0
2026-04-01 07:49:47;0
2026-04-01 07:54:13;1
2026-04-01 07:54:13;1
2026-04-01 07:58:55;0
2026-04-01 08:09:32;0
2026-04-01 08:09:32;1
2026-04-01 08:26:50;1
2026-04-01 08:31:33;0
2026-04-01 08:36:13;1
2026-04-01 08:36:13;1
2026-04-01 08:45:34;0
2026-04-01 08:50:16;1
2026-04-01 08:59:31;0
2026-04-01 08:59:31;0
2026-04-01 09:09:32;0
2026-04-01 09:09:33;1
2026-04-01 09:13:48;1
2026-04-01 09:18:10;0
2026-04-01 09:22:50;1
2026-04-01 09:27:33;0
2026-04-01 09:36:57;1
2026-04-01 09:36:57;1
2026-04-01 09:46:23;0
2026-04-01 09:50:51;1
2026-04-01 09:51:04;0
2026-04-01 10:00:16;1
2026-04-01 10:09:31;0
2026-04-01 10:09:31;1
2026-04-01 10:10:19;0
2026-04-01 10:19:34;1
2026-04-01 10:19:34;1
2026-04-01 10:28:54;0
2026-04-01 10:28:54;0
2026-04-01 10:33:34;1
2026-04-01 10:33:48;0
2026-04-01 10:42:57;1
2026-04-01 10:47:51;0
2026-04-01 10:47:51;0
2026-04-01 10:52:16;1
2026-04-01 10:56:55;0
2026-04-01 10:57:10;1
2026-04-01 11:01:34;0
2026-04-01 11:06:14;1
2026-04-01 11:06:14;1
2026-04-01 11:09:32;0
2026-04-01 11:09:32;1
2026-04-01 11:10:58;0
2026-04-01 11:10:58;1
2026-04-01 11:10:58;1
2026-04-01 11:20:14;0
2026-04-01 11:24:54;1
2026-04-01 11:25:00;0
2026-04-01 11:29:34;1
2026-04-01 11:34:18;0
2026-04-01 11:34:18;0
2026-04-01 11:38:56;1
2026-04-01 11:48:20;0
2026-04-01 11:53:07;1
2026-04-01 12:02:16;0
2026-04-01 12:06:56;1
2026-04-01 12:09:32;0
2026-04-01 12:09:32;1
2026-04-01 12:16:18;0
2026-04-01 12:25:41;1
2026-04-01 12:30:14;0
2026-04-01 12:30:23;1
2026-04-01 12:58:15;0
2026-04-01 13:02:53;1
2026-04-01 13:02:59;0
2026-04-01 13:02:59;0
2026-04-01 13:07:42;1
2026-04-01 13:09:31;0
2026-04-01 13:09:32;1
2026-04-01 13:12:14;0
2026-04-01 13:12:19;1
2026-04-01 13:16:54;0
2026-04-01 13:16:54;1
2026-04-01 13:54:30;0
2026-04-01 13:58:55;1
2026-04-01 13:58:55;1
2026-04-01 14:09:32;0
2026-04-01 14:09:32;1
2026-04-01 14:12:59;0
2026-04-01 14:17:34;1
2026-04-01 14:40:56;0
2026-04-01 14:45:35;1
2026-04-01 14:45:35;1
2026-04-01 14:50:22;0
2026-04-01 14:55:02;1
2026-04-01 15:04:14;0
2026-04-01 15:09:09;1
2026-04-01 15:09:31;0
2026-04-01 15:09:31;1
2026-04-01 15:13:34;0
2026-04-01 15:13:41;1
2026-04-01 15:18:18;0
2026-04-01 15:18:18;0
2026-04-01 15:22:54;1
2026-04-01 15:36:53;0
2026-04-01 15:36:53;0
2026-04-01 15:37:10;1
2026-04-01 15:37:10;1
2026-04-01 15:43:47;1
2026-04-01 15:48:24;0
2026-04-01 15:48:24;0
2026-04-01 15:53:02;1
2026-04-01 15:57:43;0
2026-04-01 15:57:43;0
2026-04-01 16:02:25;1
2026-04-01 16:07:13;0
2026-04-01 16:07:13;0
2026-04-01 16:09:32;0
2026-04-01 16:09:32;1
2026-04-01 16:11:45;1
2026-04-01 16:11:59;0
2026-04-01 16:11:59;0
2026-04-01 16:16:25;1
2026-04-01 16:24:50;0
2026-04-01 16:38:51;1
2026-04-01 16:38:51;1
2026-04-01 16:48:07;0
2026-04-01 16:53:00;1
2026-04-01 16:53:00;1
2026-04-01 17:07:01;0
2026-04-01 17:09:31;0
2026-04-01 17:09:31;1
2026-04-01 17:21:29;1
2026-04-01 17:26:09;0
2026-04-01 17:26:18;1
2026-04-01 17:31:02;0
2026-04-01 17:35:30;1
2026-04-01 17:40:06;0
2026-04-01 17:49:26;1
2026-04-01 17:49:34;0
2026-04-01 18:03:30;1
2026-04-01 18:09:32;0
2026-04-01 18:09:32;1
2026-04-01 18:12:45;0
2026-04-01 18:12:55;1
2026-04-01 18:22:20;0
2026-04-01 18:26:47;1
2026-04-01 18:26:47;1
2026-04-01 18:40:50;0
2026-04-01 18:40:50;0
2026-04-01 18:45:30;1
2026-04-01 18:45:45;0
2026-04-01 18:45:45;0
2026-04-01 18:50:06;1
2026-04-01 19:09:30;0
2026-04-01 19:09:30;1
2026-04-01 19:18:06;0
2026-04-01 19:18:14;1
2026-04-01 19:26:51;0
2026-04-01 19:27:04;1
2026-04-01 19:40:51;0
2026-04-01 19:45:31;1
2026-04-01 19:50:09;0
2026-04-01 19:50:09;0
2026-04-01 19:50:24;1
2026-04-01 20:09:31;0
2026-04-01 20:09:31;1
2026-04-01 20:13:39;0
2026-04-01 20:18:10;1
2026-04-01 20:46:10;0
2026-04-01 20:46:10;0
2026-04-01 20:46:11;1
2026-04-01 20:50:57;0
2026-04-01 20:50:57;0
2026-04-01 20:55:32;1
2026-04-01 21:00:12;0
2026-04-01 21:00:13;1
2026-04-01 21:09:30;0
2026-04-01 21:09:30;1
2026-04-01 21:09:31;0
2026-04-01 21:14:12;1
2026-04-01 21:14:12;1
2026-04-01 21:23:38;0
2026-04-01 21:28:13;1
2026-04-01 21:42:13;0
2026-04-01 21:42:27;1
2026-04-01 21:46:53;0
2026-04-01 22:05:30;1
2026-04-01 22:05:30;1
2026-04-01 22:09:30;0
2026-04-01 22:09:30;1
2026-04-01 22:10:10;0
2026-04-01 22:10:28;1
2026-04-01 22:33:30;0
2026-04-01 22:38:12;1
2026-04-01 22:38:12;1
2026-04-01 22:38:12;0
2026-04-01 22:42:53;1
2026-04-01 22:52:10;0
2026-04-01 22:52:10;0
2026-04-01 23:01:33;1
2026-04-01 23:09:31;0
2026-04-01 23:09:31;1
2026-04-01 23:34:10;1
2026-04-02 00:09:30;0
2026-04-02 00:09:30;1
2026-04-02 00:34:14;0
2026-04-02 01:09:30;0
2026-04-02 01:09:30;1
2026-04-02 01:11:33;1
2026-04-02 01:48:18;1
2026-04-02 02:09:31;0
2026-04-02 02:09:31;1
2026-04-02 04:03:36;0
2026-04-02 04:03:45;1
2026-04-02 04:09:31;0
2026-04-02 04:09:31;1
2026-04-02 04:45:37;0
2026-04-02 04:45:37;0
2026-04-02 05:09:30;0
2026-04-02 05:09:30;1
2026-04-02 05:41:34;1
2026-04-02 05:46:25;0
2026-04-02 06:09:29;0
2026-04-02 06:09:29;1
2026-04-02 06:37:37;1
2026-04-02 06:42:13;0
2026-04-02 06:42:20;1
2026-04-02 06:42:20;1
2026-04-02 06:51:34;0
2026-04-02 06:51:35;1
2026-04-02 06:56:12;0
2026-04-02 06:56:27;1
2026-04-02 07:09:29;0
2026-04-02 07:09:29;1
2026-04-02 07:14:55;0
2026-04-02 07:38:14;1
2026-04-02 08:01:37;0
2026-04-02 08:09:30;0
2026-04-02 08:09:30;1
2026-04-02 08:24:52;1
2026-04-02 08:24:52;1
2026-04-02 08:34:13;0
2026-04-02 08:34:13;0
2026-04-02 08:38:56;1
2026-04-02 08:38:56;1
2026-04-02 08:57:34;0
2026-04-02 08:57:34;0
2026-04-02 09:02:13;1
2026-04-02 09:09:29;0
2026-04-02 09:09:29;1
2026-04-02 09:16:13;0
2026-04-02 09:20:52;1
2026-04-02 09:20:52;1
2026-04-02 09:44:13;0
2026-04-02 09:48:55;1
2026-04-02 09:48:55;0
2026-04-02 09:53:32;1
2026-04-02 10:09:29;0
2026-04-02 10:09:29;1
2026-04-02 10:12:13;0
2026-04-02 10:12:13;0
2026-04-02 10:16:57;1
2026-04-02 10:21:32;0
2026-04-02 10:26:14;1
2026-04-02 10:54:14;0
2026-04-02 10:58:55;1
2026-04-02 10:58:55;1
2026-04-02 11:03:34;0
2026-04-02 11:09:29;0
2026-04-02 11:09:29;1
2026-04-02 11:12:56;1
2026-04-02 11:12:56;1
2026-04-02 11:17:35;0
2026-04-02 11:17:35;1
2026-04-02 11:26:54;0
2026-04-02 11:36:14;1
2026-04-02 11:40:57;0
2026-04-02 11:40:57;0
2026-04-02 11:50:18;1
2026-04-02 11:50:18;1
2026-04-02 11:59:51;0
2026-04-02 11:59:51;0
2026-04-02 12:08:56;1
2026-04-02 12:08:56;1
2026-04-02 12:09:29;0
2026-04-02 12:09:29;1
2026-04-02 12:18:21;0
2026-04-02 12:23:08;1
2026-04-02 12:32:13;0
2026-04-02 12:32:13;0
2026-04-02 12:36:57;1
2026-04-02 12:46:22;0
2026-04-02 12:51:08;1
2026-04-02 12:51:08;1
2026-04-02 12:55:35;0
2026-04-02 12:55:35;0
2026-04-02 12:55:35;1
2026-04-02 13:00:20;0
2026-04-02 13:09:38;0
2026-04-02 13:14:21;1
2026-04-02 13:14:35;0
2026-04-02 13:28:25;1
2026-04-02 13:33:01;0
2026-04-02 13:33:13;1
2026-04-02 13:42:21;0
2026-04-02 13:42:29;1
2026-04-02 13:51:42;0
2026-04-02 13:56:20;1
2026-04-02 14:09:29;0
2026-04-02 14:09:29;1
2026-04-02 14:24:22;0
2026-04-02 14:29:00;1
2026-04-02 14:29:00;1
2026-04-02 14:29:00;0
2026-04-02 14:38:19;1
2026-04-02 14:38:19;0
2026-04-02 14:43:00;1
2026-04-02 14:47:43;0
2026-04-02 14:52:35;1
2026-04-02 15:06:37;0
2026-04-02 15:09:28;0
2026-04-02 15:09:28;1
2026-04-02 15:10:59;1
2026-04-02 15:10:59;1
2026-04-02 15:15:41;0
2026-04-02 15:20:21;1
2026-04-02 15:20:21;1
2026-04-02 15:34:19;0
2026-04-02 15:34:19;1
2026-04-02 15:34:19;1
2026-04-02 15:39:00;0
2026-04-02 15:43:41;1
2026-04-02 15:43:41;1
2026-04-02 15:57:42;0
2026-04-02 16:07:00;1
2026-04-02 16:09:29;0
2026-04-02 16:09:29;1
2026-04-02 16:11:54;0
2026-04-02 16:25:40;1
2026-04-02 16:25:57;0
2026-04-02 16:30:19;1
2026-04-02 16:30:19;1
2026-04-02 16:30:31;0
2026-04-02 16:30:31;0
2026-04-02 16:35:11;1
2026-04-02 16:35:11;1
2026-04-02 16:45:00;0
2026-04-02 16:45:15;1
2026-04-02 16:49:39;0
2026-04-02 16:54:18;1
2026-04-02 16:54:18;1
2026-04-02 17:09:29;0
2026-04-02 17:09:29;1
2026-04-02 17:13:12;0
2026-04-02 17:13:12;0
2026-04-02 17:17:38;1
2026-04-02 17:26:58;1
2026-04-02 17:36:18;0
2026-04-02 17:40:59;1
2026-04-02 17:40:59;1
2026-04-02 17:41:10;0
2026-04-02 17:41:10;0
2026-04-02 17:50:22;1
2026-04-02 17:57:05;0
2026-04-02 17:57:05;0
2026-04-02 18:01:40;1
2026-04-02 18:06:21;0
2026-04-02 18:09:28;0
2026-04-02 18:09:28;1
2026-04-02 18:11:04;1
2026-04-02 18:11:05;0
2026-04-02 18:25:05;1
2026-04-02 18:34:21;0
2026-04-02 18:34:22;1
2026-04-02 18:39:07;0
2026-04-02 18:48:20;1
2026-04-02 18:48:20;1
2026-04-02 19:09:28;0
2026-04-02 19:09:28;1
2026-04-02 19:11:45;0
2026-04-02 19:21:03;1
2026-04-02 19:25:40;0
2026-04-02 19:26:00;1
2026-04-02 19:39:42;0
2026-04-02 19:58:25;1
2026-04-02 20:09:28;0
2026-04-02 20:09:28;1
2026-04-02 20:17:03;0
2026-04-02 20:17:03;0
2026-04-02 20:21:50;1
2026-04-02 20:40:36;0
2026-04-02 20:45:02;1
2026-04-02 20:54:26;0
2026-04-02 20:59:05;1
2026-04-02 21:09:28;0
2026-04-02 21:09:28;1
2026-04-02 21:13:05;0
2026-04-02 21:13:05;0
2026-04-02 21:13:18;1
2026-04-02 21:13:18;1
2026-04-02 21:41:04;0
2026-04-02 21:41:04;0
2026-04-02 21:45:43;1
2026-04-02 21:55:02;0
2026-04-02 21:55:02;1
2026-04-02 22:04:20;0
2026-04-02 22:04:29;1
2026-04-02 22:09:28;0
2026-04-02 22:09:28;1
2026-04-02 22:23:02;0
2026-04-02 22:41:45;1
2026-04-02 22:41:45;1
2026-04-02 23:09:29;0
2026-04-02 23:09:29;1
2026-04-02 23:26:53;1
2026-04-02 23:36:10;0
2026-04-02 23:36:10;0
2026-04-03 00:04:10;1
2026-04-03 00:09:28;0
2026-04-03 00:09:28;1
2026-04-03 00:44:35;1
2026-04-03 01:09:29;0
2026-04-03 01:09:29;1
2026-04-03 01:30:14;1
2026-04-03 01:30:14;1
2026-04-03 02:09:28;0
2026-04-03 02:09:28;1
2026-04-03 02:44:53;0
2026-04-03 02:49:37;1
2026-04-03 03:09:28;0
2026-04-03 03:09:28;1
2026-04-03 03:36:14;0
2026-04-03 03:36:14;0
2026-04-03 03:36:30;1
2026-04-03 03:36:30;1
2026-04-03 04:09:28;0
2026-04-03 04:09:28;1
2026-04-03 05:09:28;0
2026-04-03 05:09:28;1
2026-04-03 06:05:33;0
2026-04-03 06:09:27;0
2026-04-03 06:09:27;1
2026-04-03 07:48:15;1
2026-04-03 08:06:54;0
2026-04-03 08:09:27;0
2026-04-03 08:09:27;1
2026-04-03 08:21:37;0
2026-04-03 09:31:40;1
2026-04-03 09:44:00;1
2026-04-03 09:48:35;0
2026-04-03 10:10:49;0
2026-04-03 10:10:49;1
2026-04-03 10:15:31;0
2026-04-03 11:01:54;0
2026-04-03 11:39:13;1
2026-04-03 11:52:13;1
2026-04-03 12:03:45;1
2026-04-03 12:09:27;0
2026-04-03 12:09:27;1
2026-04-03 12:21:54;0
2026-04-03 12:41:03;1
2026-04-03 12:57:21;1
2026-04-03 12:57:21;1
2026-04-03 13:09:27;0
2026-04-03 13:09:27;1
2026-04-03 13:33:28;1
2026-04-03 13:56:46;0
2026-04-03 14:09:27;0
2026-04-03 14:09:27;1
2026-04-03 14:15:26;1
2026-04-03 14:15:26;1
2026-04-03 14:29:25;0
2026-04-03 14:38:46;1
2026-04-03 14:38:46;1
2026-04-03 14:57:23;0
2026-04-03 15:02:05;1
2026-04-03 15:02:05;1
2026-04-03 15:09:27;0
2026-04-03 15:09:27;1
2026-04-03 15:16:04;0
2026-04-03 15:20:47;1
2026-04-03 16:09:26;0
2026-04-03 16:09:26;1
2026-04-03 16:12:06;0
2026-04-03 16:16:45;1
2026-04-03 16:26:07;0
2026-04-03 16:30:48;1
2026-04-03 16:54:07;0
2026-04-03 16:54:07;0
2026-04-03 16:58:43;1
2026-04-03 17:03:32;0
2026-04-03 17:09:26;0
2026-04-03 17:09:26;1
2026-04-03 17:22:21;1
2026-04-03 17:26:48;0
2026-04-03 17:31:25;1
2026-04-03 17:31:25;1
2026-04-03 17:36:10;0
2026-04-03 17:50:08;1
2026-04-03 17:50:08;1
2026-04-03 18:09:26;0
2026-04-03 18:09:26;1
2026-04-03 18:36:46;0
2026-04-03 18:50:48;1
2026-04-03 19:09:27;0
2026-04-03 19:09:27;1
2026-04-03 19:18:46;0
2026-04-03 19:23:24;1
2026-04-03 19:28:05;0
2026-04-03 19:46:46;1
2026-04-03 19:46:46;1
2026-04-03 20:09:26;0
2026-04-03 20:09:26;1
2026-04-03 20:24:06;0
2026-04-03 20:24:06;0
2026-04-03 20:38:05;1
2026-04-03 21:09:27;0
2026-04-03 21:09:27;1
2026-04-03 21:10:45;0
2026-04-03 22:06:43;1
2026-04-03 22:06:43;1
2026-04-03 22:09:26;0
2026-04-03 22:09:26;1
2026-04-03 22:25:41;0
2026-04-03 22:30:07;1
2026-04-03 22:30:07;1
2026-04-03 22:41:25;0
2026-04-03 23:09:24;1
2026-04-03 23:09:25;0
2026-04-03 23:09:25;1
2026-04-03 23:14:05;0
2026-04-03 23:23:26;1
2026-04-03 23:32:51;1
2026-04-03 23:46:52;0
2026-04-03 23:46:52;0
2026-04-03 23:51:31;1
2026-04-03 23:51:31;1
2026-04-03 23:56:09;0
2026-04-03 23:56:09;0
2026-04-03 23:56:18;1
2026-04-04 00:09:26;0
2026-04-04 00:09:26;1
2026-04-04 00:28:48;0
2026-04-04 00:42:50;1
2026-04-04 01:09:25;0
2026-04-04 01:09:25;1
2026-04-04 01:10:49;0
2026-04-04 01:24:30;0
2026-04-04 01:38:32;1
2026-04-04 01:54:36;1
2026-04-04 02:09:25;0
2026-04-04 02:09:25;1
2026-04-04 02:45:20;1
2026-04-04 05:56:39;0
2026-04-04 05:56:39;0
2026-04-04 06:01:17;1
2026-04-04 06:09:26;0
2026-04-04 06:09:26;1
2026-04-04 07:01:56;0
2026-04-04 07:09:26;0
2026-04-04 07:09:26;1
2026-04-04 07:25:16;1
2026-04-04 08:09:26;0
2026-04-04 08:09:26;1
2026-04-04 08:16:36;0
2026-04-04 08:44:35;1
2026-04-04 08:44:35;1
2026-04-04 09:09:25;0
2026-04-04 09:09:25;1
2026-04-04 09:41:16;0
2026-04-04 09:41:16;0
2026-04-04 10:09:24;0
2026-04-04 10:09:25;1
2026-04-04 10:13:57;1
2026-04-04 10:18:44;0
2026-04-04 10:18:44;0
2026-04-04 10:32:36;1
2026-04-04 10:32:36;1
2026-04-04 11:09:24;0
2026-04-04 11:09:24;1
2026-04-04 11:09:54;0
2026-04-04 11:28:37;1
2026-04-04 11:33:15;0
2026-04-04 11:37:58;1
2026-04-04 11:47:16;0
2026-04-04 11:47:16;0
2026-04-04 11:56:37;1
2026-04-04 11:56:37;1
2026-04-04 12:01:17;0
2026-04-04 12:05:59;1
2026-04-04 12:09:25;0
2026-04-04 12:09:25;1
2026-04-04 12:29:17;0
2026-04-04 12:57:15;1
2026-04-04 13:07:22;1
2026-04-04 13:09:24;0
2026-04-04 13:09:24;1
2026-04-04 13:11:57;0
2026-04-04 13:21:21;1
2026-04-04 13:21:21;1
2026-04-04 13:30:39;0
2026-04-04 13:35:23;1
2026-04-04 14:09:24;0
2026-04-04 14:09:24;1
2026-04-04 14:17:32;0
2026-04-04 14:26:42;1
2026-04-04 14:36:01;0
2026-04-04 14:40:48;1
2026-04-04 14:54:37;0
2026-04-04 14:54:57;1
2026-04-04 15:03:59;0
2026-04-04 15:08:43;1
2026-04-04 15:09:24;0
2026-04-04 15:09:24;1
2026-04-04 15:13:18;0
2026-04-04 15:13:18;0
2026-04-04 15:18:00;1
2026-04-04 15:22:43;0
2026-04-04 15:27:22;1
2026-04-04 15:27:22;1
2026-04-04 15:55:19;0
2026-04-04 15:55:35;1
2026-04-04 15:59:58;0
2026-04-04 15:59:58;0
2026-04-04 16:00:03;1
2026-04-04 16:00:03;1
2026-04-04 16:09:19;0
2026-04-04 16:09:24;0
2026-04-04 16:09:24;1
2026-04-04 16:17:51;0
2026-04-04 16:17:51;0
2026-04-04 16:22:29;1
2026-04-04 16:22:36;0
2026-04-04 16:27:07;1
2026-04-04 16:40:25;1
2026-04-04 16:40:25;1
2026-04-04 17:08:25;0
2026-04-04 17:08:25;0
2026-04-04 17:09:23;0
2026-04-04 17:09:23;1
2026-04-04 17:13:02;1
2026-04-04 17:27:08;0
2026-04-04 17:41:00;1
2026-04-04 17:55:03;0
2026-04-04 17:59:39;1
2026-04-04 17:59:39;1
2026-04-04 18:09:17;0
2026-04-04 18:09:17;0
2026-04-04 18:09:23;0
2026-04-04 18:09:23;1
2026-04-04 18:13:41;1
2026-04-04 18:18:23;0
2026-04-04 18:27:44;1
2026-04-04 18:27:44;1
2026-04-04 19:05:19;0
2026-04-04 19:05:19;0
2026-04-04 19:09:24;0
2026-04-04 19:09:24;1
2026-04-04 19:19:03;1
2026-04-04 19:23:42;0
2026-04-04 19:23:51;1
2026-04-04 19:47:07;0
2026-04-04 19:51:44;1
2026-04-04 20:01:12;0
2026-04-04 20:05:44;1
2026-04-04 20:09:24;0
2026-04-04 20:09:24;1
2026-04-04 20:43:07;0
2026-04-04 20:47:41;1
2026-04-04 21:09:23;0
2026-04-04 21:09:23;1
2026-04-04 21:11:00;0
2026-04-04 21:11:00;0
2026-04-04 21:15:43;1
2026-04-04 21:15:43;1
2026-04-04 21:29:43;0
2026-04-04 21:48:21;1
2026-04-04 22:09:23;0
2026-04-04 22:09:23;1
2026-04-04 22:52:21;1
2026-04-04 23:06:20;0
2026-04-04 23:09:23;0
2026-04-04 23:09:23;1
2026-04-04 23:11:03;1
2026-04-04 23:11:03;1
2026-04-04 23:15:44;0
2026-04-04 23:56:21;0
2026-04-05 00:09:23;0
2026-04-05 00:09:23;1
2026-04-05 00:19:41;1
2026-04-05 00:29:01;0
2026-04-05 00:33:41;1
2026-04-05 00:33:41;1
2026-04-05 00:52:20;0
2026-04-05 00:52:20;0
2026-04-05 01:09:23;0
2026-04-05 01:09:23;1
2026-04-05 01:29:40;1
2026-04-05 01:43:40;0
2026-04-05 02:09:23;0
2026-04-05 02:09:23;1
2026-04-05 02:16:22;1
2026-04-05 03:07:43;1
2026-04-05 03:09:23;0
2026-04-05 03:09:23;1
2026-04-05 03:26:49;1
2026-04-05 03:36:07;0
2026-04-05 03:36:07;0
2026-04-05 03:45:28;1
2026-04-05 04:09:24;0
2026-04-05 04:09:24;1
2026-04-05 05:09:24;0
2026-04-05 05:09:24;1
2026-04-05 05:09:25;0
2026-04-05 06:14:44;1
2026-04-05 07:09:23;0
2026-04-05 07:09:23;1
2026-04-05 07:48:05;0
2026-04-05 07:48:05;0
2026-04-05 08:09:23;0
2026-04-05 08:09:23;1
2026-04-05 08:39:28;1
2026-04-05 09:09:22;0
2026-04-05 09:09:22;1
2026-04-05 09:09:24;1
2026-04-05 09:14:03;0
2026-04-05 10:09:22;0
2026-04-05 10:09:22;1
2026-04-05 10:14:46;1
2026-04-05 11:06:04;0
2026-04-05 11:09:22;0
2026-04-05 11:09:22;1
2026-04-05 11:10:46;1
2026-04-05 11:20:06;0
2026-04-05 11:24:46;1
2026-04-05 11:29:25;0
2026-04-05 11:29:31;1
2026-04-05 11:29:31;1
2026-04-05 11:51:28;0
2026-04-05 12:09:22;0
2026-04-05 12:09:22;1
2026-04-05 12:10:08;1
2026-04-05 12:27:58;1
2026-04-05 12:37:16;0
2026-04-05 12:37:16;0
2026-04-05 12:42:00;1
2026-04-05 13:09:21;0
2026-04-05 13:09:22;1
2026-04-05 13:42:45;0
2026-04-05 13:47:17;1
2026-04-05 13:47:33;0
2026-04-05 13:47:33;0
2026-04-05 14:05:56;1
2026-04-05 14:06:01;0
2026-04-05 14:06:01;0
2026-04-05 14:09:23;0
2026-04-05 14:09:23;1
2026-04-05 14:15:17;1
2026-04-05 14:20:00;0
2026-04-05 14:20:00;0
2026-04-05 14:33:56;1
2026-04-05 14:41:38;1
2026-04-05 15:07:06;1
2026-04-05 15:09:23;0
2026-04-05 15:09:23;1
2026-04-05 15:21:06;0
2026-04-05 15:30:27;1
2026-04-05 15:44:27;0
2026-04-05 15:49:06;1
2026-04-05 15:58:27;0
2026-04-05 16:09:21;0
2026-04-05 16:09:21;1
2026-04-05 16:21:47;1
2026-04-05 16:49:47;0
2026-04-05 16:49:47;0
2026-04-05 17:03:48;1
2026-04-05 17:09:22;0
2026-04-05 17:09:22;1
2026-04-05 17:12:32;0
2026-04-05 17:17:09;1
2026-04-05 17:17:09;1
2026-04-05 17:31:09;0
2026-04-05 17:35:48;1
2026-04-05 17:49:54;0
2026-04-05 18:03:50;1
2026-04-05 18:09:21;0
2026-04-05 18:09:21;1
2026-04-05 18:17:49;0
2026-04-05 18:17:49;0
2026-04-05 18:45:50;1
2026-04-05 18:45:50;0
2026-04-05 18:45:50;0
2026-04-05 18:50:29;1
2026-04-05 18:59:51;0
2026-04-05 19:09:22;0
2026-04-05 19:09:22;1
2026-04-05 19:23:12;1
2026-04-05 19:32:29;0
2026-04-05 19:32:29;0
2026-04-05 19:32:47;1
2026-04-05 19:32:47;1
2026-04-05 19:51:48;1
2026-04-05 20:01:15;0
2026-04-05 20:09:22;0
2026-04-05 20:09:22;1
2026-04-05 20:33:57;1
2026-04-05 20:43:11;0
2026-04-05 20:47:47;1
2026-04-05 21:09:21;0
2026-04-05 21:09:21;1
2026-04-05 21:13:11;1
2026-04-05 21:22:14;1
2026-04-05 21:28:28;1
2026-04-05 21:54:52;1
2026-04-05 21:54:52;1
2026-04-05 22:09:21;0
2026-04-05 22:09:21;1
2026-04-05 22:18:08;0
2026-04-05 22:32:11;1
2026-04-05 22:32:25;0
2026-04-05 22:32:25;0
2026-04-05 23:09:21;0
2026-04-05 23:09:21;1
2026-04-05 23:14:14;1
2026-04-05 23:32:52;0
2026-04-05 23:33:01;1
2026-04-05 23:58:24;1
2026-04-06 00:09:21;0
2026-04-06 00:09:21;1
2026-04-06 01:07:53;1
2026-04-06 01:07:53;1
2026-04-06 01:09:21;0
2026-04-06 01:09:21;1
2026-04-06 01:49:51;0
2026-04-06 02:09:21;0
2026-04-06 02:09:21;1
2026-04-06 02:54:59;0
2026-04-06 03:50:56;1
2026-04-06 04:09:21;0
2026-04-06 04:09:21;1
2026-04-06 05:09:21;0
2026-04-06 05:09:21;1
2026-04-06 05:29:03;0
2026-04-06 05:29:03;0
2026-04-06 05:33:34;1
2026-04-06 05:33:34;1
2026-04-06 06:09:21;0
2026-04-06 06:09:21;1
2026-04-06 07:35:16;1
2026-04-06 08:09:21;0
2026-04-06 08:09:21;1
2026-04-06 08:26:33;0
2026-04-06 08:49:55;1
2026-04-06 09:03:53;0
2026-04-06 09:03:53;0
2026-04-06 09:09:20;0
2026-04-06 09:09:20;1
2026-04-06 09:17:52;1
2026-04-06 09:50:37;0
2026-04-06 09:55:13;1
2026-04-06 09:55:13;1
2026-04-06 10:09:20;0
2026-04-06 10:09:20;1
2026-04-06 10:39:30;1
2026-04-06 10:48:28;1
2026-04-06 11:09:20;0
2026-04-06 11:09:20;1
2026-04-06 11:16:26;0
2026-04-06 11:21:05;1
2026-04-06 11:21:05;1
2026-04-06 11:42:23;1
2026-04-06 11:48:37;1
2026-04-06 11:48:37;1
2026-04-06 11:57:58;0
2026-04-06 11:57:58;0
2026-04-06 12:07:16;1
2026-04-06 12:07:16;1
2026-04-06 12:07:23;0
2026-04-06 12:07:23;0
2026-04-06 12:09:20;0
2026-04-06 12:09:20;1
2026-04-06 12:11:56;1
2026-04-06 12:21:15;0
2026-04-06 12:35:17;1
2026-04-06 12:49:19;0
2026-04-06 13:03:15;1
2026-04-06 13:09:19;0
2026-04-06 13:09:20;1
2026-04-06 13:31:30;0
2026-04-06 13:35:56;1
2026-04-06 13:40:40;0
2026-04-06 13:40:49;1
2026-04-06 13:40:49;1
2026-04-06 13:45:15;0
2026-04-06 13:54:35;1
2026-04-06 14:08:35;0
2026-04-06 14:09:20;0
2026-04-06 14:09:20;1
2026-04-06 14:27:18;1
2026-04-06 14:35:16;1
2026-04-06 14:35:16;1
2026-04-06 14:53:57;0
2026-04-06 14:58:46;1
2026-04-06 15:09:19;0
2026-04-06 15:09:20;1
2026-04-06 15:12:35;0
2026-04-06 15:12:35;0
2026-04-06 15:26:36;1
2026-04-06 15:31:15;0
2026-04-06 15:45:17;1
2026-04-06 16:03:56;0
2026-04-06 16:03:56;0
2026-04-06 16:08:37;1
2026-04-06 16:09:19;0
2026-04-06 16:09:20;1
2026-04-06 16:22:24;1
2026-04-06 16:22:24;1
2026-04-06 16:31:40;0
2026-04-06 16:31:40;0
2026-04-06 16:45:40;1
2026-04-06 16:59:39;0
2026-04-06 16:59:39;0
2026-04-06 17:04:20;1
2026-04-06 17:09:00;0
2026-04-06 17:09:19;0
2026-04-06 17:09:19;1
2026-04-06 17:13:42;1
2026-04-06 17:13:42;1
2026-04-06 17:32:21;0
2026-04-06 17:37:01;1
2026-04-06 17:37:01;1
2026-04-06 17:41:57;0
2026-04-06 18:09:20;0
2026-04-06 18:09:20;1
2026-04-06 18:19:17;1
2026-04-06 18:23:41;0
2026-04-06 18:37:42;1
2026-04-06 18:50:19;1
2026-04-06 19:04:20;0
2026-04-06 19:09:19;0
2026-04-06 19:09:19;1
2026-04-06 19:32:20;1
2026-04-06 19:32:20;1
2026-04-06 19:41:40;0
2026-04-06 19:46:17;1
2026-04-06 19:46:17;1
2026-04-06 19:55:43;0
2026-04-06 20:00:18;1
2026-04-06 20:09:19;0
2026-04-06 20:09:19;1
2026-04-06 20:19:00;0
2026-04-06 20:28:18;1
2026-04-06 20:28:18;1
2026-04-06 21:05:56;0
2026-04-06 21:09:20;0
2026-04-06 21:09:20;1
2026-04-06 21:10:20;1
2026-04-06 21:33:41;0
2026-04-06 21:33:41;0
2026-04-06 21:38:22;1
2026-04-06 21:38:22;1
2026-04-06 22:09:19;0
2026-04-06 22:09:19;1
2026-04-06 22:42:58;1
2026-04-06 23:09:19;0
2026-04-06 23:09:19;1
2026-04-06 23:24:57;0
2026-04-06 23:24:57;0
2026-04-06 23:29:37;1
2026-04-06 23:29:37;1
2026-04-07 00:09:19;0
2026-04-07 00:09:19;1
2026-04-07 00:56:41;1
2026-04-07 01:09:19;0
2026-04-07 01:09:19;1
2026-04-07 03:26:04;0
2026-04-07 03:30:40;1
2026-04-07 03:53:58;0
2026-04-07 04:09:19;0
2026-04-07 04:09:19;1
2026-04-07 05:09:19;0
2026-04-07 05:09:19;1
2026-04-07 06:09:18;0
2026-04-07 06:09:18;1
2026-04-07 06:13:59;1
2026-04-07 06:13:59;1
2026-04-07 06:42:13;0
2026-04-07 06:51:20;1
2026-04-07 06:51:20;1
2026-04-07 07:09:19;0
2026-04-07 07:09:19;1
2026-04-07 07:13:13;1
2026-04-07 07:32:06;0
2026-04-07 07:36:35;1
2026-04-07 07:45:09;0
2026-04-07 07:45:15;1
2026-04-07 07:45:15;1
2026-04-07 07:59:34;1
2026-04-07 08:04:16;0
2026-04-07 08:09:18;0
2026-04-07 08:09:18;1
2026-04-07 08:12:14;0
2026-04-07 08:12:14;0
2026-04-07 08:12:31;1
2026-04-07 08:26:24;0
2026-04-07 08:40:16;1
2026-04-07 08:40:26;0
2026-04-07 08:40:26;0
2026-04-07 08:49:33;1
2026-04-07 08:49:43;0
2026-04-07 08:54:13;1
2026-04-07 08:58:55;0
2026-04-07 09:09:18;0
2026-04-07 09:09:18;1
2026-04-07 09:12:56;1
2026-04-07 09:12:56;1
2026-04-07 09:17:34;0
2026-04-07 09:22:14;1
2026-04-07 09:22:14;1
2026-04-07 09:26:56;0
2026-04-07 09:26:56;0
2026-04-07 09:31:37;1
2026-04-07 09:36:15;0
2026-04-07 09:36:15;0
2026-04-07 09:36:22;1
2026-04-07 09:45:37;0
2026-04-07 09:50:13;1
2026-04-07 09:50:13;1
2026-04-07 09:54:57;0
2026-04-07 10:08:53;1
2026-04-07 10:08:53;1
2026-04-07 10:08:58;0
2026-04-07 10:08:58;0
2026-04-07 10:09:19;0
2026-04-07 10:09:19;1
2026-04-07 10:13:37;1
2026-04-07 10:22:55;0
2026-04-07 10:35:30;1
2026-04-07 10:35:30;1
2026-04-07 10:58:50;0
2026-04-07 10:58:50;0
2026-04-07 11:03:32;1
2026-04-07 11:09:18;0
2026-04-07 11:09:19;1
2026-04-07 11:12:50;0
2026-04-07 11:17:27;1
2026-04-07 11:22:12;0
2026-04-07 11:22:12;0
2026-04-07 11:26:47;1
2026-04-07 11:45:28;0
2026-04-07 11:45:28;0
2026-04-07 11:57:48;1
2026-04-07 11:57:48;0
2026-04-07 12:02:29;1
2026-04-07 12:09:17;0
2026-04-07 12:09:17;1
2026-04-07 12:11:49;0
2026-04-07 12:16:29;1
2026-04-07 12:21:07;0
2026-04-07 12:21:14;1
2026-04-07 12:21:14;1
2026-04-07 12:25:49;0
2026-04-07 12:30:28;1
2026-04-07 12:35:22;0
2026-04-07 12:39:50;1
2026-04-07 12:44:29;0
2026-04-07 12:49:24;1
2026-04-07 12:53:48;0
2026-04-07 12:53:48;0
2026-04-07 12:58:29;1
2026-04-07 13:03:11;0
2026-04-07 13:03:11;0
2026-04-07 13:03:26;1
2026-04-07 13:09:17;0
2026-04-07 13:09:17;1
2026-04-07 13:17:09;0
2026-04-07 13:17:09;1
2026-04-07 13:21:46;0
2026-04-07 13:21:46;0
2026-04-07 13:21:52;1
2026-04-07 13:35:30;1
2026-04-07 13:40:11;0
2026-04-07 13:54:10;1
2026-04-07 13:54:22;0
2026-04-07 13:59:03;1
2026-04-07 14:09:18;0
2026-04-07 14:09:18;1
2026-04-07 14:12:51;0
2026-04-07 14:17:30;1
2026-04-07 14:26:51;0
2026-04-07 14:27:00;1
2026-04-07 14:31:29;0
2026-04-07 14:36:12;1
2026-04-07 14:36:24;0
2026-04-07 14:45:45;1
2026-04-07 14:50:12;0
2026-04-07 14:59:33;1
2026-04-07 15:08:52;0
2026-04-07 15:09:18;0
2026-04-07 15:09:18;1
2026-04-07 15:13:47;1
2026-04-07 15:18:10;0
2026-04-07 15:18:10;0
2026-04-07 15:22:52;1
2026-04-07 15:27:45;0
2026-04-07 15:32:11;1
2026-04-07 15:36:53;0
2026-04-07 15:41:29;1
2026-04-07 15:50:50;0
2026-04-07 15:55:32;1
2026-04-07 16:05:04;0
2026-04-07 16:05:04;0
2026-04-07 16:09:17;0
2026-04-07 16:09:17;1
2026-04-07 16:09:31;1
2026-04-07 16:09:31;1
2026-04-07 16:14:11;0
2026-04-07 16:19:05;1
2026-04-07 16:19:05;1
2026-04-07 16:28:10;0
2026-04-07 16:32:53;1
2026-04-07 16:32:53;1
2026-04-07 16:33:04;0
2026-04-07 16:42:10;1
2026-04-07 16:42:21;0
2026-04-07 16:46:52;1
2026-04-07 16:46:52;0
2026-04-07 16:56:13;1
2026-04-07 16:56:13;1
2026-04-07 17:09:17;0
2026-04-07 17:09:17;1
2026-04-07 17:10:12;0
2026-04-07 17:10:12;0
2026-04-07 17:10:26;1
2026-04-07 17:24:11;0
2026-04-07 17:24:11;0
2026-04-07 17:28:51;1
2026-04-07 17:28:51;0
2026-04-07 17:33:33;1
2026-04-07 17:38:14;0
2026-04-07 17:38:14;0
2026-04-07 17:50:11;1
2026-04-07 17:54:50;0
2026-04-07 17:54:50;0
2026-04-07 17:59:31;1
2026-04-07 17:59:31;1
2026-04-07 18:09:05;0
2026-04-07 18:09:05;0
2026-04-07 18:09:18;0
2026-04-07 18:09:18;1
2026-04-07 18:18:09;1
2026-04-07 18:18:09;1
2026-04-07 18:27:33;0
2026-04-07 18:27:33;0
2026-04-07 18:27:33;1
2026-04-07 18:36:51;0
2026-04-07 18:41:30;1
2026-04-07 18:41:30;1
2026-04-07 19:04:50;0
2026-04-07 19:04:50;0
2026-04-07 19:05:04;1
2026-04-07 19:09:17;0
2026-04-07 19:09:17;1
2026-04-07 19:14:13;0
2026-04-07 19:18:51;1
2026-04-07 19:18:51;1
2026-04-07 19:32:50;0
2026-04-07 19:37:30;1
2026-04-07 20:00:51;0
2026-04-07 20:01:00;1
2026-04-07 20:09:17;0
2026-04-07 20:09:17;1
2026-04-07 20:19:30;0
2026-04-07 20:28:54;1
2026-04-07 20:56:51;0
2026-04-07 21:01:33;1
2026-04-07 21:09:17;0
2026-04-07 21:09:17;1
2026-04-07 21:38:53;0
2026-04-07 21:52:52;1
2026-04-07 21:52:52;1
2026-04-07 22:02:11;0
2026-04-07 22:02:11;1
2026-04-07 22:06:48;0
2026-04-07 22:06:48;0
2026-04-07 22:09:17;0
2026-04-07 22:09:17;1
2026-04-07 22:30:12;1
2026-04-07 22:30:12;1
2026-04-07 22:47:01;0
2026-04-07 22:47:01;0
2026-04-07 23:09:17;0
2026-04-07 23:09:17;1
2026-04-07 23:14:57;1
2026-04-07 23:19:41;0
2026-04-07 23:24:22;1
2026-04-07 23:33:39;0
2026-04-08 00:09:17;0
2026-04-08 00:09:17;1
2026-04-08 00:10:59;1
2026-04-08 00:32:14;1
2026-04-08 01:09:17;0
2026-04-08 01:09:17;1
2026-04-08 02:09:17;0
2026-04-08 02:09:17;1
2026-04-08 04:06:52;0
2026-04-08 04:06:52;0
2026-04-08 04:09:17;0
2026-04-08 04:09:17;1
2026-04-08 05:09:17;0
2026-04-08 05:09:17;1
2026-04-08 05:35:35;1
2026-04-08 05:52:51;1
2026-04-08 05:52:51;1
2026-04-08 06:06:52;0
2026-04-08 06:09:18;0
2026-04-08 06:09:18;1
2026-04-08 06:25:31;1
2026-04-08 06:44:11;0
2026-04-08 06:53:35;1
2026-04-08 06:53:44;0
2026-04-08 06:53:44;0
2026-04-08 06:58:16;1
2026-04-08 07:03:07;0
2026-04-08 07:03:07;0
2026-04-08 07:07:32;1
2026-04-08 07:07:32;1
2026-04-08 07:09:17;0
2026-04-08 07:09:17;1
2026-04-08 07:16:55;0
2026-04-08 07:26:14;1
2026-04-08 07:26:30;0
2026-04-08 07:47:19;1
2026-04-08 07:47:19;1
2026-04-08 08:03:13;0
2026-04-08 08:09:17;0
2026-04-08 08:09:17;1
2026-04-08 08:11:19;1
2026-04-08 08:15:55;0
2026-04-08 08:20:39;1
2026-04-08 08:20:39;1
2026-04-08 08:25:17;0
2026-04-08 08:25:17;0
2026-04-08 08:30:07;1
2026-04-08 08:53:18;0
2026-04-08 08:58:01;1
2026-04-08 09:09:17;0
2026-04-08 09:09:17;1
2026-04-08 09:09:36;0
2026-04-08 09:09:36;0
2026-04-08 09:14:15;1
2026-04-08 09:28:15;0
2026-04-08 09:32:53;1
2026-04-08 09:37:35;0
2026-04-08 09:37:35;1
2026-04-08 09:46:56;0
2026-04-08 09:51:43;1
2026-04-08 09:56:13;0
2026-04-08 09:56:27;1
2026-04-08 10:09:17;0
2026-04-08 10:09:17;1
2026-04-08 10:10:17;0
2026-04-08 10:14:56;1
2026-04-08 10:42:56;0
2026-04-08 10:47:35;1
2026-04-08 10:52:26;0
2026-04-08 11:01:12;0
2026-04-08 11:01:12;0
2026-04-08 11:05:55;1
2026-04-08 11:05:55;1
2026-04-08 11:09:16;0
2026-04-08 11:09:16;1
2026-04-08 11:10:33;0
2026-04-08 11:10:45;1
2026-04-08 11:10:45;1
2026-04-08 11:15:15;0
2026-04-08 11:15:29;1
2026-04-08 11:15:29;1
2026-04-08 11:25:46;1
2026-04-08 11:25:46;1
2026-04-08 11:32:56;1
2026-04-08 11:37:37;0
2026-04-08 11:37:37;0
2026-04-08 11:37:37;1
2026-04-08 11:51:39;0
2026-04-08 11:56:13;1
2026-04-08 12:00:57;0
2026-04-08 12:05:36;1
2026-04-08 12:09:15;0
2026-04-08 12:09:16;1
2026-04-08 12:10:29;0
2026-04-08 12:14:56;1
2026-04-08 12:14:56;1
2026-04-08 12:33:38;0
2026-04-08 12:38:28;1
2026-04-08 12:47:35;0
2026-04-08 12:47:35;0
2026-04-08 12:56:09;0
2026-04-08 12:56:26;1
2026-04-08 13:05:45;0
2026-04-08 13:05:49;1
2026-04-08 13:05:49;1
2026-04-08 13:09:17;0
2026-04-08 13:09:17;1
2026-04-08 13:24:26;0
2026-04-08 13:24:26;0
2026-04-08 13:33:46;1
2026-04-08 13:33:46;1
2026-04-08 13:48:01;0
2026-04-08 14:01:46;1
2026-04-08 14:06:24;0
2026-04-08 14:06:31;1
2026-04-08 14:06:31;1
2026-04-08 14:09:16;0
2026-04-08 14:09:16;1
2026-04-08 14:20:40;0
2026-04-08 14:25:04;1
2026-04-08 14:30:02;0
2026-04-08 14:30:02;0
2026-04-08 14:39:07;1
2026-04-08 14:39:07;1
2026-04-08 14:46:27;1
2026-04-08 14:46:27;1
2026-04-08 14:51:03;0
2026-04-08 14:51:03;0
2026-04-08 14:55:45;1
2026-04-08 15:02:44;1
2026-04-08 15:02:44;1
2026-04-08 15:07:23;0
2026-04-08 15:07:28;1
2026-04-08 15:09:16;0
2026-04-08 15:09:16;1
2026-04-08 15:12:04;0
2026-04-08 15:12:11;1
2026-04-08 15:16:44;0
2026-04-08 15:21:23;1
2026-04-08 15:21:31;0
2026-04-08 15:30:44;1
2026-04-08 15:40:02;0
2026-04-08 15:44:45;1
2026-04-08 15:45:00;0
2026-04-08 15:49:25;1
2026-04-08 15:49:25;0
2026-04-08 15:49:25;0
2026-04-08 15:58:45;1
2026-04-08 16:03:35;0
2026-04-08 16:09:16;0
2026-04-08 16:09:16;1
2026-04-08 16:17:23;1
2026-04-08 16:31:36;0
2026-04-08 16:36:12;1
2026-04-08 16:54:43;0
2026-04-08 16:54:43;0
2026-04-08 17:08:47;1
2026-04-08 17:09:15;0
2026-04-08 17:09:15;1
2026-04-08 17:13:23;0
2026-04-08 17:13:41;1
2026-04-08 17:13:41;1
2026-04-08 17:18:07;0
2026-04-08 17:18:07;1
2026-04-08 17:18:07;1
2026-04-08 17:22:42;0
2026-04-08 17:22:56;1
2026-04-08 17:27:24;0
2026-04-08 17:27:24;0
2026-04-08 17:27:30;1
2026-04-08 17:41:07;1
2026-04-08 17:41:19;0
2026-04-08 17:50:30;1
2026-04-08 18:09:06;0
2026-04-08 18:09:16;0
2026-04-08 18:09:16;1
2026-04-08 18:09:25;1
2026-04-08 18:18:27;0
2026-04-08 18:23:09;1
2026-04-08 18:27:51;0
2026-04-08 18:27:51;0
2026-04-08 18:28:03;1
2026-04-08 18:28:03;1
2026-04-08 18:45:10;1
2026-04-08 18:59:16;0
2026-04-08 18:59:16;0
2026-04-08 19:03:47;1
2026-04-08 19:03:47;1
2026-04-08 19:08:32;0
2026-04-08 19:08:32;0
2026-04-08 19:09:15;0
2026-04-08 19:09:15;1
2026-04-08 19:17:45;1
2026-04-08 19:27:05;0
2026-04-08 19:27:05;0
2026-04-08 19:27:25;1
2026-04-08 19:45:54;0
2026-04-08 19:50:28;1
2026-04-08 19:57:20;1
2026-04-08 20:02:01;0
2026-04-08 20:02:01;0
2026-04-08 20:09:16;0
2026-04-08 20:09:16;1
2026-04-08 20:16:03;1
2026-04-08 20:30:04;0
2026-04-08 20:30:18;1
2026-04-08 20:53:28;0
2026-04-08 20:58:04;1
2026-04-08 20:58:04;1
2026-04-08 21:07:26;0
2026-04-08 21:07:26;0
2026-04-08 21:09:16;0
2026-04-08 21:09:16;1
2026-04-08 21:25:10;1
2026-04-08 21:29:55;0
2026-04-08 21:29:55;0
2026-04-08 21:48:31;1
2026-04-08 21:48:31;1
2026-04-08 22:02:30;0
2026-04-08 22:07:12;1
2026-04-08 22:07:12;1
2026-04-08 22:09:16;0
2026-04-08 22:09:16;1
2026-04-08 22:25:52;0
2026-04-08 22:58:31;1
2026-04-08 23:09:16;0
2026-04-08 23:09:16;1
2026-04-08 23:16:49;1
2026-04-08 23:54:14;0
2026-04-08 23:54:14;0
2026-04-08 23:58:50;1
2026-04-09 00:09:16;0
2026-04-09 00:09:16;1
2026-04-09 00:12:47;0
2026-04-09 00:12:54;1
2026-04-09 00:36:11;0
2026-04-09 00:45:31;1
2026-04-09 01:09:16;0
2026-04-09 01:09:16;1
2026-04-09 02:40:10;1
2026-04-09 03:48:21;1
2026-04-09 03:48:21;1
2026-04-09 04:09:15;0
2026-04-09 04:09:15;1
2026-04-09 04:49:04;0
2026-04-09 04:49:04;0
2026-04-09 05:09:16;0
2026-04-09 05:09:16;1
2026-04-09 05:40:22;1
2026-04-09 05:45:04;0
2026-04-09 05:45:04;0
2026-04-09 06:09:14;0
2026-04-09 06:09:15;1
2026-04-09 06:55:04;1
2026-04-09 07:09:03;0
2026-04-09 07:09:15;0
2026-04-09 07:09:15;1
2026-04-09 07:41:44;1
2026-04-09 08:00:24;0
2026-04-09 08:09:15;0
2026-04-09 08:09:15;1
2026-04-09 08:12:10;1
2026-04-09 08:12:10;1
2026-04-09 08:24:49;0
2026-04-09 08:29:32;1
2026-04-09 08:29:32;1
2026-04-09 08:29:33;0
2026-04-09 08:29:33;0
2026-04-09 08:38:49;1
2026-04-09 08:38:49;1
2026-04-09 08:43:30;0
2026-04-09 08:43:43;1
2026-04-09 08:43:43;1
2026-04-09 08:48:10;0
2026-04-09 08:52:53;1
2026-04-09 08:57:31;0
2026-04-09 09:02:13;1
2026-04-09 09:06:49;0
2026-04-09 09:09:15;0
2026-04-09 09:09:15;1
2026-04-09 09:30:20;1
2026-04-09 09:30:20;1
2026-04-09 09:34:55;0
2026-04-09 09:34:55;0
2026-04-09 09:39:43;1
2026-04-09 10:02:48;0
2026-04-09 10:02:48;0
2026-04-09 10:09:15;0
2026-04-09 10:09:15;1
2026-04-09 10:16:50;1
2026-04-09 10:21:30;0
2026-04-09 10:21:30;0
2026-04-09 10:26:12;1
2026-04-09 10:26:12;1
2026-04-09 10:30:49;0
2026-04-09 10:49:33;1
2026-04-09 10:58:50;0
2026-04-09 11:03:30;1
2026-04-09 11:09:15;0
2026-04-09 11:09:15;1
2026-04-09 11:18:52;1
2026-04-09 11:23:31;0
2026-04-09 11:23:31;0
2026-04-09 11:28:14;1
2026-04-09 11:28:14;1
2026-04-09 12:09:14;0
2026-04-09 12:09:15;1
2026-04-09 12:10:10;0
2026-04-09 12:14:48;1
2026-04-09 12:21:00;1
2026-04-09 12:30:17;0
2026-04-09 12:30:31;1
2026-04-09 12:34:56;0
2026-04-09 12:34:56;1
2026-04-09 12:34:56;1
2026-04-09 12:39:37;0
2026-04-09 12:39:37;0
2026-04-09 12:44:19;1
2026-04-09 12:44:19;1
2026-04-09 12:52:51;0
2026-04-09 13:01:52;0
2026-04-09 13:01:52;0
2026-04-09 13:06:32;1
2026-04-09 13:09:14;0
2026-04-09 13:09:14;1
2026-04-09 13:15:51;0
2026-04-09 13:16:05;1
2026-04-09 13:20:41;0
2026-04-09 13:20:41;0
2026-04-09 13:25:27;1
2026-04-09 13:34:31;0
2026-04-09 13:34:31;0
2026-04-09 13:39:10;1
2026-04-09 14:02:34;0
2026-04-09 14:07:09;1
2026-04-09 14:07:09;1
2026-04-09 14:07:26;0
2026-04-09 14:09:14;0
2026-04-09 14:09:14;1
2026-04-09 14:16:33;1
2026-04-09 14:44:32;0
2026-04-09 14:44:32;0
2026-04-09 14:49:17;1
2026-04-09 14:49:17;1
2026-04-09 15:03:13;0
2026-04-09 15:09:15;0
2026-04-09 15:09:15;1
2026-04-09 15:12:47;1
2026-04-09 15:17:14;0
2026-04-09 15:17:14;0
2026-04-09 15:31:20;1
2026-04-09 15:45:10;0
2026-04-09 15:54:30;1
2026-04-09 16:03:14;0
2026-04-09 16:03:21;1
2026-04-09 16:03:21;1
2026-04-09 16:09:14;0
2026-04-09 16:09:15;1
2026-04-09 16:10:20;1
2026-04-09 16:19:40;0
2026-04-09 16:24:34;1
2026-04-09 16:24:34;1
2026-04-09 16:29:00;0
2026-04-09 16:29:00;0
2026-04-09 16:33:40;1
2026-04-09 16:43:02;0
2026-04-09 16:47:37;1
2026-04-09 16:47:37;1
2026-04-09 16:57:01;0
2026-04-09 16:57:01;0
2026-04-09 16:57:01;1
2026-04-09 17:01:42;0
2026-04-09 17:06:21;1
2026-04-09 17:06:21;1
2026-04-09 17:09:14;0
2026-04-09 17:09:15;1
2026-04-09 17:11:09;0
2026-04-09 17:15:40;1
2026-04-09 17:24:59;0
2026-04-09 17:24:59;0
2026-04-09 17:29:39;1
2026-04-09 17:29:39;1
2026-04-09 17:29:48;0
2026-04-09 17:34:20;1
2026-04-09 17:39:01;0
2026-04-09 17:39:10;1
2026-04-09 18:02:22;0
2026-04-09 18:07:01;1
2026-04-09 18:07:01;1
2026-04-09 18:09:15;0
2026-04-09 18:09:15;1
2026-04-09 18:30:18;0
2026-04-09 18:35:03;1
2026-04-09 18:44:21;0
2026-04-09 18:49:00;1
2026-04-09 18:49:00;1
2026-04-09 18:58:33;0
2026-04-09 18:58:33;0
2026-04-09 19:02:58;1
2026-04-09 19:09:14;0
2026-04-09 19:09:14;1
2026-04-09 19:10:42;1
2026-04-09 19:20:04;0
2026-04-09 19:24:42;1
2026-04-09 19:34:03;0
2026-04-09 19:34:17;1
2026-04-09 19:34:17;1
2026-04-09 20:02:05;0
2026-04-09 20:09:14;0
2026-04-09 20:09:14;1
2026-04-09 20:11:26;1
2026-04-09 20:25:23;0
2026-04-09 20:25:23;0
2026-04-09 20:30:02;1
2026-04-09 20:30:02;1
2026-04-09 20:47:45;1
2026-04-09 21:09:14;0
2026-04-09 21:09:15;1
2026-04-09 21:57:42;0
2026-04-09 22:02:25;1
2026-04-09 22:09:14;0
2026-04-09 22:09:14;1
2026-04-09 22:49:15;0
2026-04-09 22:49:15;0
2026-04-09 23:09:14;0
2026-04-09 23:09:14;1
2026-04-09 23:29:48;0
2026-04-10 00:49:06;1
2026-04-10 01:09:14;0
2026-04-10 01:09:14;1
2026-04-10 01:43:27;1
2026-04-10 01:43:27;1
2026-04-10 04:09:14;0
2026-04-10 04:09:14;1
2026-04-10 04:50:03;0
2026-04-10 04:50:03;0
2026-04-10 04:54:47;1
2026-04-10 04:54:56;0
2026-04-10 05:09:14;0
2026-04-10 05:09:14;1
2026-04-10 06:00:04;1
2026-04-10 06:09:14;0
2026-04-10 06:09:14;1
2026-04-10 06:14:04;0
2026-04-10 06:14:04;0
2026-04-10 06:42:14;1
2026-04-10 06:46:48;0
2026-04-10 06:46:48;0
2026-04-10 06:56:04;1
2026-04-10 07:09:13;0
2026-04-10 07:09:13;1
2026-04-10 07:19:26;0
2026-04-10 07:24:06;1
2026-04-10 07:28:46;0
2026-04-10 07:33:27;1
2026-04-10 07:42:48;0
2026-04-10 07:42:48;0
2026-04-10 07:56:48;1
2026-04-10 08:01:25;0
2026-04-10 08:06:05;1
2026-04-10 08:09:14;0
2026-04-10 08:09:14;1
2026-04-10 08:39:27;1
2026-04-10 08:44:10;0
2026-04-10 08:44:17;1
2026-04-10 08:48:50;0
2026-04-10 08:53:30;1
2026-04-10 08:53:30;1
2026-04-10 09:02:13;1
2026-04-10 09:09:12;0
2026-04-10 09:09:13;1
2026-04-10 09:11:31;0
2026-04-10 09:34:51;1
2026-04-10 09:39:32;0
2026-04-10 09:39:32;0
2026-04-10 09:44:20;1
2026-04-10 09:53:34;0
2026-04-10 09:58:15;1
2026-04-10 09:58:15;1
2026-04-10 10:09:13;0
2026-04-10 10:09:14;1
2026-04-10 10:23:37;0
2026-04-10 10:37:38;1
2026-04-10 10:37:38;1
2026-04-10 10:42:23;0
2026-04-10 10:46:58;1
2026-04-10 10:46:59;0
2026-04-10 11:00:56;1
2026-04-10 11:00:56;1
2026-04-10 11:00:57;0
2026-04-10 11:05:40;1
2026-04-10 11:05:40;1
2026-04-10 11:09:13;0
2026-04-10 11:09:13;1
2026-04-10 11:10:16;0
2026-04-10 11:19:38;1
2026-04-10 11:19:38;1
2026-04-10 11:28:58;0
2026-04-10 11:33:35;1
2026-04-10 11:33:51;0
2026-04-10 11:38:15;1
2026-04-10 11:38:15;1
2026-04-10 11:42:56;0
2026-04-10 11:47:36;1
2026-04-10 11:47:36;1
2026-04-10 12:09:13;0
2026-04-10 12:09:13;1
2026-04-10 12:10:58;0
2026-04-10 12:15:36;1
2026-04-10 12:25:24;1
2026-04-10 12:44:12;0
2026-04-10 12:48:58;1
2026-04-10 13:02:41;0
2026-04-10 13:07:20;1
2026-04-10 13:09:12;0
2026-04-10 13:09:12;1
2026-04-10 13:26:12;0
2026-04-10 13:35:23;1
2026-04-10 13:44:41;0
2026-04-10 13:44:41;1
2026-04-10 13:49:18;0
2026-04-10 13:49:18;0
2026-04-10 13:49:25;1
2026-04-10 13:54:00;0
2026-04-10 13:58:43;1
2026-04-10 14:03:24;0
2026-04-10 14:07:58;1
2026-04-10 14:08:11;0
2026-04-10 14:09:13;0
2026-04-10 14:09:14;1
2026-04-10 14:12:40;1
2026-04-10 14:17:37;0
2026-04-10 14:22:09;1
2026-04-10 14:31:25;0
2026-04-10 14:40:50;1
2026-04-10 14:50:03;0
2026-04-10 14:50:03;0
2026-04-10 14:54:41;1
2026-04-10 14:59:19;0
2026-04-10 15:06:20;1
2026-04-10 15:09:13;0
2026-04-10 15:09:13;1
2026-04-10 15:15:37;0
2026-04-10 15:20:20;1
2026-04-10 15:24:56;0
2026-04-10 15:29:36;1
2026-04-10 15:29:36;1
2026-04-10 15:34:16;0
2026-04-10 15:47:24;0
2026-04-10 15:56:44;1
2026-04-10 16:06:09;0
2026-04-10 16:09:12;0
2026-04-10 16:09:13;1
2026-04-10 16:10:41;1
2026-04-10 16:10:56;0
2026-04-10 16:10:56;0
2026-04-10 16:15:23;1
2026-04-10 16:15:23;1
2026-04-10 16:26:36;0
2026-04-10 16:26:36;0
2026-04-10 16:31:17;1
2026-04-10 16:44:43;1
2026-04-10 16:49:23;0
2026-04-10 16:49:37;1
2026-04-10 16:54:01;0
2026-04-10 17:03:49;1
2026-04-10 17:09:12;0
2026-04-10 17:09:13;1
2026-04-10 17:13:24;0
2026-04-10 17:17:49;1
2026-04-10 17:18:04;0
2026-04-10 17:18:04;0
2026-04-10 17:27:05;1
2026-04-10 17:27:05;1
2026-04-10 17:27:24;0
2026-04-10 17:27:24;0
2026-04-10 17:31:46;1
2026-04-10 17:55:07;0
2026-04-10 18:00:00;1
2026-04-10 18:00:00;1
2026-04-10 18:04:33;0
2026-04-10 18:09:12;0
2026-04-10 18:09:13;1
2026-04-10 18:09:23;1
2026-04-10 18:09:23;1
2026-04-10 18:13:46;0
2026-04-10 18:14:04;1
2026-04-10 18:27:47;0
2026-04-10 18:27:47;0
2026-04-10 18:27:47;1
2026-04-10 18:32:40;0
2026-04-10 18:32:40;0
2026-04-10 18:37:06;1
2026-04-10 18:51:21;1
2026-04-10 18:55:59;0
2026-04-10 19:09:21;0
2026-04-10 19:09:21;1
2026-04-10 19:14:02;1
2026-04-10 19:18:44;0
2026-04-10 19:18:45;1
2026-04-10 19:30:07;1
2026-04-10 19:39:32;0
2026-04-10 19:44:04;1
2026-04-10 20:09:12;0
2026-04-10 20:09:12;1
2026-04-10 20:21:21;0
2026-04-10 20:38:38;1
2026-04-10 20:46:43;1
2026-04-10 20:51:19;0
2026-04-10 20:51:25;1
2026-04-10 21:00:04;1
2026-04-10 21:00:04;1
2026-04-10 21:00:15;0
2026-04-10 21:09:12;0
2026-04-10 21:09:12;1
2026-04-10 21:28:04;1
2026-04-10 21:32:42;0
2026-04-10 21:32:51;1
2026-04-10 21:51:13;0
2026-04-10 21:55:54;1
2026-04-10 22:09:12;0
2026-04-10 22:09:12;1
2026-04-10 22:23:21;1
2026-04-10 22:33:21;1
2026-04-10 22:33:21;1
2026-04-10 22:54:10;1
2026-04-10 22:54:10;1
2026-04-10 22:58:46;0
2026-04-10 22:58:46;0
2026-04-10 23:08:08;1
2026-04-10 23:09:13;0
2026-04-10 23:09:13;1
2026-04-10 23:17:30;0
2026-04-11 00:09:12;0
2026-04-11 00:09:12;1
2026-04-11 00:13:45;1
2026-04-11 00:18:06;0
2026-04-11 00:18:06;0
2026-04-11 00:32:08;1
2026-04-11 00:36:50;0
2026-04-11 00:50:48;1
2026-04-11 01:04:08;1
2026-04-11 01:04:08;1
2026-04-11 01:09:11;0
2026-04-11 01:09:11;1
2026-04-11 01:13:30;0
2026-04-11 01:27:26;1
2026-04-11 01:27:26;1
2026-04-11 01:41:30;0
2026-04-11 02:09:11;0
2026-04-11 02:09:12;1
2026-04-11 02:56:09;1
2026-04-11 02:56:09;1
2026-04-11 03:09:12;0
2026-04-11 03:09:12;1
2026-04-11 04:09:11;0
2026-04-11 04:09:11;1
2026-04-11 04:29:15;1
2026-04-11 04:48:23;1
2026-04-11 04:48:23;1
2026-04-11 06:07:39;0
2026-04-11 06:07:48;1
2026-04-11 06:09:11;0
2026-04-11 06:09:11;1
2026-04-11 06:43:42;0
2026-04-11 06:56:17;0
2026-04-11 07:09:12;0
2026-04-11 07:09:12;1
2026-04-11 07:38:21;1
2026-04-11 07:56:37;0
2026-04-11 08:09:11;0
2026-04-11 08:09:11;1
2026-04-11 08:19:58;1
2026-04-11 08:38:36;0
2026-04-11 08:38:47;1
2026-04-11 08:52:37;0
2026-04-11 08:52:37;0
2026-04-11 09:01:56;1
2026-04-11 09:01:56;1
2026-04-11 09:09:11;0
2026-04-11 09:09:11;1
2026-04-11 09:11:20;0
2026-04-11 10:09:11;0
2026-04-11 10:09:12;1
2026-04-11 10:25:51;1
2026-04-11 10:30:30;0
2026-04-11 10:30:30;0
2026-04-11 10:39:52;1
2026-04-11 10:58:31;0
2026-04-11 10:58:41;1
2026-04-11 11:09:11;0
2026-04-11 11:09:11;1
2026-04-11 11:17:54;1
2026-04-11 11:22:33;0
2026-04-11 11:27:13;1
2026-04-11 11:45:58;0
2026-04-11 11:56:14;0
2026-04-11 12:00:53;1
2026-04-11 12:00:53;1
2026-04-11 12:01:03;0
2026-04-11 12:01:03;0
2026-04-11 12:05:35;1
2026-04-11 12:05:35;1
2026-04-11 12:09:10;0
2026-04-11 12:09:11;1
2026-04-11 12:10:20;0
2026-04-11 12:10:20;0
2026-04-11 12:19:36;1
2026-04-11 12:19:45;0
2026-04-11 12:24:15;1
2026-04-11 12:24:15;1
2026-04-11 12:34:32;1
2026-04-11 12:53:14;0
2026-04-11 12:53:14;0
2026-04-11 12:53:24;1
2026-04-11 12:53:24;1
2026-04-11 13:01:53;0
2026-04-11 13:01:53;0
2026-04-11 13:06:30;1
2026-04-11 13:06:30;1
2026-04-11 13:09:11;0
2026-04-11 13:09:12;1
2026-04-11 13:16:03;0
2026-04-11 13:20:34;1
2026-04-11 13:36:32;1
2026-04-11 13:46:08;0
2026-04-11 13:50:30;1
2026-04-11 13:50:30;1
2026-04-11 14:01:40;1
2026-04-11 14:06:19;0
2026-04-11 14:06:25;1
2026-04-11 14:09:10;0
2026-04-11 14:09:10;1
2026-04-11 14:29:38;0
2026-04-11 14:42:45;0
2026-04-11 14:47:24;1
2026-04-11 15:05:30;1
2026-04-11 15:05:30;1
2026-04-11 15:09:10;0
2026-04-11 15:09:10;1
2026-04-11 15:17:12;0
2026-04-11 15:17:12;0
2026-04-11 15:21:54;1
2026-04-11 15:27:59;1
2026-04-11 15:27:59;1
2026-04-11 15:46:43;0
2026-04-11 15:51:20;1
2026-04-11 15:59:57;1
2026-04-11 16:04:37;0
2026-04-11 16:09:11;0
2026-04-11 16:09:11;1
2026-04-11 16:09:15;1
2026-04-11 16:18:35;0
2026-04-11 16:23:12;1
2026-04-11 16:32:37;0
2026-04-11 16:37:16;1
2026-04-11 17:03:01;1
2026-04-11 17:09:10;0
2026-04-11 17:09:10;1
2026-04-11 17:12:19;0
2026-04-11 17:12:19;0
2026-04-11 17:16:57;1
2026-04-11 17:21:40;0
2026-04-11 17:21:40;0
2026-04-11 17:29:22;1
2026-04-11 17:48:29;0
2026-04-11 17:57:47;1
2026-04-11 17:57:47;0
2026-04-11 18:02:25;1
2026-04-11 18:09:10;0
2026-04-11 18:09:10;1
2026-04-11 18:11:45;0
2026-04-11 18:25:48;1
2026-04-11 18:30:39;0
2026-04-11 18:30:39;0
2026-04-11 18:35:06;1
2026-04-11 18:35:06;1
2026-04-11 19:07:45;0
2026-04-11 19:09:10;0
2026-04-11 19:09:10;1
2026-04-11 19:12:28;1
2026-04-11 19:12:28;1
2026-04-11 19:17:05;0
2026-04-11 19:21:47;1
2026-04-11 19:26:25;0
2026-04-11 19:35:44;1
2026-04-11 19:35:44;1
2026-04-11 19:59:05;0
2026-04-11 20:09:10;0
2026-04-11 20:09:10;1
2026-04-11 20:17:46;1
2026-04-11 20:17:46;1
2026-04-11 20:55:06;0
2026-04-11 20:59:49;1
2026-04-11 21:04:27;0
2026-04-11 21:09:07;1
2026-04-11 21:09:11;0
2026-04-11 21:09:11;1
2026-04-11 21:23:14;0
2026-04-11 21:23:14;0
2026-04-11 21:46:27;1
2026-04-11 21:46:27;1
2026-04-11 22:09:10;0
2026-04-11 22:09:10;1
2026-04-11 22:09:46;0
2026-04-11 22:14:25;1
2026-04-11 22:37:48;0
2026-04-11 22:42:26;1
2026-04-11 22:47:04;0
2026-04-11 22:47:20;1
2026-04-11 22:59:03;1
2026-04-11 23:09:10;0
2026-04-11 23:09:10;1
2026-04-11 23:36:24;1
2026-04-11 23:44:30;1
2026-04-12 00:09:19;0
2026-04-12 00:14:04;1
2026-04-12 00:41:21;1
2026-04-12 01:00:04;1
2026-04-12 01:09:10;0
2026-04-12 01:09:10;1
2026-04-12 01:23:22;0
2026-04-12 01:37:22;1
2026-04-12 02:09:09;0
2026-04-12 02:09:10;1
2026-04-12 02:28:42;0
2026-04-12 03:09:10;0
2026-04-12 03:09:10;1
2026-04-12 05:30:43;1
2026-04-12 06:09:09;0
2026-04-12 06:09:10;1
2026-04-12 06:23:25;1
2026-04-12 06:23:25;1
2026-04-12 07:36:34;1
2026-04-12 07:49:03;1
2026-04-12 08:55:35;1
2026-04-12 09:09:09;0
2026-04-12 09:09:09;1
2026-04-12 09:09:29;1
2026-04-12 09:09:29;1
2026-04-12 09:16:40;0
2026-04-12 09:53:58;1
2026-04-12 10:03:13;1
2026-04-12 10:09:10;0
2026-04-12 10:09:10;1
2026-04-12 10:16:48;1
2026-04-12 10:31:19;1
2026-04-12 10:43:58;1
2026-04-12 10:53:14;0
2026-04-12 11:09:10;0
2026-04-12 11:09:10;1
2026-04-12 11:21:43;0
2026-04-12 11:49:42;1
2026-04-12 11:59:06;1
2026-04-12 12:08:27;0
2026-04-12 12:08:27;0
2026-04-12 12:09:09;0
2026-04-12 12:09:09;1
2026-04-12 12:31:49;1
2026-04-12 12:43:44;1
2026-04-12 12:43:44;1
2026-04-12 12:56:10;1
2026-04-12 13:09:08;0
2026-04-12 13:09:08;1
2026-04-12 13:11:12;0
2026-04-12 13:25:14;1
2026-04-12 13:29:49;0
2026-04-12 13:43:54;1
2026-04-12 13:43:54;1
2026-04-12 13:51:48;0
2026-04-12 14:09:09;0
2026-04-12 14:09:10;1
2026-04-12 14:15:05;1
2026-04-12 14:28:15;1
2026-04-12 14:32:53;0
2026-04-12 14:47:18;0
2026-04-12 14:56:39;1
2026-04-12 15:04:15;1
2026-04-12 15:08:51;0
2026-04-12 15:09:09;0
2026-04-12 15:09:09;1
2026-04-12 15:27:38;1
2026-04-12 15:44:58;1
2026-04-12 15:54:23;0
2026-04-12 15:54:23;0
2026-04-12 15:59:02;1
2026-04-12 16:03:43;0
2026-04-12 16:08:19;1
2026-04-12 16:09:09;0
2026-04-12 16:09:10;1
2026-04-12 16:17:52;1
2026-04-12 16:22:28;0
2026-04-12 16:36:31;1
2026-04-12 16:36:31;1
2026-04-12 16:50:32;0
2026-04-12 16:59:50;1
2026-04-12 17:09:07;0
2026-04-12 17:09:08;1
2026-04-12 17:23:10;0
2026-04-12 17:23:10;0
2026-04-12 17:27:49;1
2026-04-12 17:27:49;1
2026-04-12 17:37:09;0
2026-04-12 17:37:09;0
2026-04-12 17:46:29;1
2026-04-12 18:09:08;0
2026-04-12 18:09:08;1
2026-04-12 18:19:09;0
2026-04-12 18:23:51;1
2026-04-12 18:35:10;0
2026-04-12 18:44:30;1
2026-04-12 18:54:10;1
2026-04-12 19:09:08;0
2026-04-12 19:09:08;1
2026-04-12 19:25:58;1
2026-04-12 19:25:58;1
2026-04-12 19:30:36;0
2026-04-12 19:35:14;1
2026-04-12 19:39:56;0
2026-04-12 19:44:37;1
2026-04-12 19:44:37;1
2026-04-12 19:49:17;0
2026-04-12 19:58:34;1
2026-04-12 20:09:08;0
2026-04-12 20:09:08;1
2026-04-12 20:21:16;1
2026-04-12 20:38:27;1
2026-04-12 21:03:14;0
2026-04-12 21:03:14;1
2026-04-12 21:09:08;0
2026-04-12 21:09:08;1
2026-04-12 21:29:28;1
2026-04-12 21:29:28;1
2026-04-12 21:46:40;1
2026-04-12 22:09:16;1
2026-04-12 22:24:38;1
2026-04-12 22:24:38;1
2026-04-12 22:32:41;0
2026-04-12 22:32:41;0
2026-04-12 22:42:00;1
2026-04-12 22:42:01;0
2026-04-12 22:49:02;0
2026-04-12 22:58:23;1
2026-04-12 23:09:08;0
2026-04-12 23:09:08;1
2026-04-12 23:21:49;1
2026-04-12 23:36:18;1
2026-04-13 00:08:58;0
2026-04-13 00:09:07;0
2026-04-13 00:09:08;1
2026-04-13 00:13:39;1
2026-04-13 00:48:33;1
2026-04-13 01:00:00;1
2026-04-13 01:09:16;1
2026-04-13 01:14:00;1
2026-04-13 01:34:33;1
2026-04-13 01:56:04;1
2026-04-13 01:56:04;1
2026-04-13 02:26:55;1
2026-04-13 04:51:32;0
2026-04-13 04:58:50;0
2026-04-13 05:09:07;0
2026-04-13 05:09:07;1
2026-04-13 06:08:53;1
2026-04-13 06:09:07;0
2026-04-13 06:09:08;1
2026-04-13 06:36:51;0
2026-04-13 06:36:51;0
2026-04-13 06:41:33;1
2026-04-13 06:41:33;1
2026-04-13 06:51:26;1
2026-04-13 06:51:26;1
2026-04-13 07:06:51;1
2026-04-13 07:09:06;0
2026-04-13 07:09:07;1
2026-04-13 07:17:36;1
2026-04-13 07:17:51;0
2026-04-13 07:36:29;1
2026-04-13 07:41:07;0
2026-04-13 07:59:36;1
2026-04-13 07:59:36;1
2026-04-13 08:04:16;0
2026-04-13 08:09:07;0
2026-04-13 08:09:07;1
2026-04-13 08:09:09;1
2026-04-13 08:17:01;1
2026-04-13 08:21:39;0
2026-04-13 08:21:39;1
2026-04-13 08:28:45;1
2026-04-13 08:28:45;1
2026-04-13 08:28:59;0
2026-04-13 08:28:59;0
2026-04-13 08:33:25;1
2026-04-13 08:38:17;0
2026-04-13 08:38:17;0
2026-04-13 08:42:46;1
2026-04-13 08:42:46;0
2026-04-13 09:05:03;1
2026-04-13 09:05:03;1
2026-04-13 09:09:07;0
2026-04-13 09:09:08;1
2026-04-13 09:09:49;0
2026-04-13 09:14:25;1
2026-04-13 09:28:42;0
2026-04-13 09:33:26;1
2026-04-13 09:37:59;0
2026-04-13 09:56:58;0
2026-04-13 10:06:15;1
2026-04-13 10:06:22;0
2026-04-13 10:06:22;0
2026-04-13 10:09:07;0
2026-04-13 10:09:07;1
2026-04-13 10:10:58;1
2026-04-13 10:15:44;0
2026-04-13 10:20:18;1
2026-04-13 10:20:18;1
2026-04-13 10:24:56;0
2026-04-13 10:34:14;1
2026-04-13 10:34:25;0
2026-04-13 10:48:13;1
2026-04-13 10:48:20;0
2026-04-13 10:48:20;0
2026-04-13 11:06:56;1
2026-04-13 11:09:07;0
2026-04-13 11:09:07;1
2026-04-13 11:11:35;0
2026-04-13 11:11:35;0
2026-04-13 11:16:14;1
2026-04-13 11:16:29;0
2026-04-13 11:16:29;0
2026-04-13 11:30:15;1
2026-04-13 11:30:15;1
2026-04-13 11:30:23;0
2026-04-13 11:34:55;1
2026-04-13 11:39:33;0
2026-04-13 11:39:33;0
2026-04-13 11:44:18;1
2026-04-13 11:44:27;0
2026-04-13 11:44:27;0
2026-04-13 11:49:05;1
2026-04-13 11:58:41;0
2026-04-13 12:03:17;1
2026-04-13 12:08:00;0
2026-04-13 12:08:09;1
2026-04-13 12:08:09;1
2026-04-13 12:09:07;0
2026-04-13 12:09:07;1
2026-04-13 12:12:38;0
2026-04-13 12:12:47;1
2026-04-13 12:17:21;0
2026-04-13 12:17:21;0
2026-04-13 12:21:58;1
2026-04-13 12:28:44;0
2026-04-13 12:33:24;1
2026-04-13 12:33:32;0
2026-04-13 12:38:01;1
2026-04-13 12:38:10;0
2026-04-13 12:42:45;1
2026-04-13 13:02:04;0
2026-04-13 13:02:04;1
2026-04-13 13:09:07;0
2026-04-13 13:09:07;1
2026-04-13 13:16:06;0
2026-04-13 13:16:14;1
2026-04-13 13:20:43;0
2026-04-13 13:25:27;1
2026-04-13 13:30:12;0
2026-04-13 13:30:12;0
2026-04-13 13:34:46;1
2026-04-13 13:34:46;1
2026-04-13 13:39:24;0
2026-04-13 13:44:09;1
2026-04-13 13:48:46;0
2026-04-13 13:48:46;0
2026-04-13 13:48:56;1
2026-04-13 13:48:56;1
2026-04-13 13:57:49;1
2026-04-13 14:02:33;0
2026-04-13 14:02:33;0
2026-04-13 14:09:06;0
2026-04-13 14:09:06;1
2026-04-13 14:11:47;1
2026-04-13 14:30:28;0
2026-04-13 14:44:30;1
2026-04-13 14:49:11;0
2026-04-13 14:49:11;0
2026-04-13 14:53:50;1
2026-04-13 14:53:50;1
2026-04-13 14:58:29;0
2026-04-13 15:03:10;1
2026-04-13 15:03:10;1
2026-04-13 15:07:49;0
2026-04-13 15:09:06;0
2026-04-13 15:09:06;1
2026-04-13 15:16:29;0
2026-04-13 15:21:06;1
2026-04-13 15:30:30;0
2026-04-13 15:38:38;1
2026-04-13 15:38:52;0
2026-04-13 15:48:01;1
2026-04-13 15:48:02;0
2026-04-13 15:48:02;0
2026-04-13 16:01:58;1
2026-04-13 16:01:58;1
2026-04-13 16:06:40;0
2026-04-13 16:06:50;1
2026-04-13 16:09:06;0
2026-04-13 16:09:06;1
2026-04-13 16:25:18;0
2026-04-13 16:30:01;1
2026-04-13 16:30:01;1
2026-04-13 16:34:37;0
2026-04-13 16:34:37;0
2026-04-13 16:34:51;1
2026-04-13 16:34:51;1
2026-04-13 16:43:59;0
2026-04-13 16:43:59;1
2026-04-13 16:53:31;0
2026-04-13 16:53:31;0
2026-04-13 16:58:01;1
2026-04-13 16:58:02;0
2026-04-13 17:02:41;1
2026-04-13 17:07:19;0
2026-04-13 17:07:19;0
2026-04-13 17:07:19;1
2026-04-13 17:09:06;0
2026-04-13 17:09:06;1
2026-04-13 17:16:38;0
2026-04-13 17:16:55;1
2026-04-13 17:16:55;1
2026-04-13 17:21:35;0
2026-04-13 17:21:35;0
2026-04-13 17:39:16;0
2026-04-13 17:43:58;1
2026-04-13 18:09:06;0
2026-04-13 18:09:06;1
2026-04-13 18:16:36;0
2026-04-13 18:16:41;1
2026-04-13 18:16:41;1
2026-04-13 18:21:15;0
2026-04-13 18:21:21;1
2026-04-13 18:21:21;1
2026-04-13 18:26:12;0
2026-04-13 18:30:35;1
2026-04-13 18:35:16;0
2026-04-13 18:35:16;0
2026-04-13 18:39:56;1
2026-04-13 18:51:45;1
2026-04-13 18:52:00;0
2026-04-13 18:52:00;0
2026-04-13 18:58:56;1
2026-04-13 19:03:32;0
2026-04-13 19:03:47;1
2026-04-13 19:03:47;1
2026-04-13 19:09:06;0
2026-04-13 19:09:06;1
2026-04-13 19:13:23;1
2026-04-13 19:22:01;0
2026-04-13 19:33:35;1
2026-04-13 19:38:21;0
2026-04-13 19:42:57;1
2026-04-13 19:42:57;1
2026-04-13 19:56:18;0
2026-04-13 19:56:18;0
2026-04-13 20:06:13;1
2026-04-13 20:09:05;0
2026-04-13 20:09:05;1
2026-04-13 20:10:52;0
2026-04-13 20:11:07;1
2026-04-13 20:18:53;0
2026-04-13 20:18:58;1
2026-04-13 20:18:58;1
2026-04-13 20:41:28;1
2026-04-13 20:56:20;1
2026-04-13 21:01:00;0
2026-04-13 21:09:00;0
2026-04-13 21:09:06;0
2026-04-13 21:09:06;1
2026-04-13 21:20:50;1
2026-04-13 21:29:39;0
2026-04-13 21:29:39;0
2026-04-13 21:29:44;1
2026-04-13 21:42:20;1
2026-04-13 21:52:05;1
2026-04-13 22:07:04;1
2026-04-13 22:09:05;0
2026-04-13 22:09:05;1
2026-04-13 22:19:46;1
2026-04-13 22:32:12;1
2026-04-13 22:44:53;1
2026-04-13 22:59:53;1
2026-04-13 23:08:51;1
2026-04-13 23:09:06;0
2026-04-13 23:09:06;1
2026-04-13 23:32:33;1
2026-04-13 23:55:49;0
2026-04-14 00:05:09;1
2026-04-14 00:09:05;0
2026-04-14 00:09:05;1
2026-04-14 00:32:22;1
2026-04-14 01:09:05;0
2026-04-14 01:09:05;1
2026-04-14 03:09:05;0
2026-04-14 03:09:05;1
2026-04-14 03:33:42;1
2026-04-14 03:42:44;1
2026-04-14 04:09:05;0
2026-04-14 04:09:05;1
2026-04-14 04:10:40;0
2026-04-14 04:20:03;1
2026-04-14 04:20:03;1
2026-04-14 04:48:00;0
2026-04-14 05:09:05;0
2026-04-14 05:09:06;1
2026-04-14 06:09:05;0
2026-04-14 06:09:05;1
2026-04-14 06:40:03;1
2026-04-14 06:44:41;0
2026-04-14 06:54:00;1
2026-04-14 07:08:36;1
2026-04-14 07:09:04;0
2026-04-14 07:09:04;1
2026-04-14 07:21:05;0
2026-04-14 07:37:11;1
2026-04-14 07:37:24;0
2026-04-14 07:37:24;0
2026-04-14 07:46:28;1
2026-04-14 07:57:56;1
2026-04-14 08:05:56;1
2026-04-14 08:06:04;0
2026-04-14 08:09:05;0
2026-04-14 08:09:05;1
2026-04-14 08:10:35;1
2026-04-14 08:15:19;0
2026-04-14 08:15:19;0
2026-04-14 08:24:39;1
2026-04-14 08:24:39;1
2026-04-14 08:29:24;0
2026-04-14 08:33:55;1
2026-04-14 08:33:55;1
2026-04-17 09:59:45;0
2026-04-17 10:08:59;0
2026-04-17 10:08:59;1
2026-04-17 10:09:06;1
2026-04-17 10:13:47;0
2026-04-17 10:13:57;1
2026-04-17 10:18:29;0
2026-04-17 10:32:27;1
2026-04-17 10:37:08;0
2026-04-17 10:37:08;0
2026-04-17 10:41:47;1
2026-04-17 10:41:47;1
2026-04-17 10:49:08;1
2026-04-17 10:49:08;1
2026-04-17 11:08:58;0
2026-04-17 11:08:58;1
2026-04-17 11:12:49;0
2026-04-17 11:17:27;1
2026-04-17 11:17:35;0
2026-04-17 11:22:10;1
2026-04-17 11:26:52;0
2026-04-17 11:36:10;1
2026-04-17 11:36:10;1
2026-04-17 11:40:59;0
2026-04-17 11:40:59;0
2026-04-17 11:45:28;1
2026-04-17 11:54:48;0
2026-04-17 11:54:48;0
2026-04-17 12:04:11;1
2026-04-17 12:08:50;0
2026-04-17 12:08:58;0
2026-04-17 12:08:58;1
2026-04-17 12:09:05;1
2026-04-17 12:13:28;0
2026-04-17 12:18:11;1
2026-04-17 12:22:48;0
2026-04-17 12:22:48;0
2026-04-17 12:22:49;1
2026-04-17 12:27:43;0
2026-04-17 12:27:43;0
2026-04-17 12:32:13;1
2026-04-17 12:36:49;0
2026-04-17 12:36:49;0
2026-04-17 12:46:11;1
2026-04-17 12:46:26;0
2026-04-17 12:50:50;1
2026-04-17 12:51:04;0
2026-04-17 12:55:30;1
2026-04-17 12:55:37;0
2026-04-17 13:00:09;1
2026-04-17 13:04:48;0
2026-04-17 13:04:48;0
2026-04-17 13:05:03;1
2026-04-17 13:05:03;1
2026-04-17 13:08:58;0
2026-04-17 13:08:58;1
2026-04-17 13:09:34;0
2026-04-17 13:28:08;1
2026-04-17 13:42:12;0
2026-04-17 13:42:21;1
2026-04-17 13:46:50;0
2026-04-17 13:54:54;0
2026-04-17 13:59:42;1
2026-04-17 13:59:42;1
2026-04-17 14:07:58;1
2026-04-17 14:08:58;0
2026-04-17 14:08:58;1
2026-04-17 14:12:39;0
2026-04-17 14:21:59;1
2026-04-17 14:21:59;1
2026-04-17 14:31:30;0
2026-04-17 14:31:30;0
2026-04-17 14:36:01;1
2026-04-17 14:40:37;0
2026-04-17 14:45:17;1
2026-04-17 14:50:01;0
2026-04-17 14:50:01;0
2026-04-17 14:54:39;1
2026-04-17 15:03:58;0
2026-04-17 15:03:58;0
2026-04-17 15:08:37;1
2026-04-17 15:08:37;1
2026-04-17 15:08:57;0
2026-04-17 15:08:57;1
2026-04-17 15:35:49;0
2026-04-17 15:35:49;0
2026-04-17 15:40:27;1
2026-04-17 15:49:49;0
2026-04-17 15:50:00;1
2026-04-17 15:59:08;0
2026-04-17 15:59:08;1
2026-04-17 16:08:57;0
2026-04-17 16:08:58;1
2026-04-17 16:13:10;0
2026-04-17 16:27:06;1
2026-04-17 16:27:06;0
2026-04-17 16:36:42;1
2026-04-17 16:50:27;0
2026-04-17 16:55:09;1
2026-04-17 16:59:47;0
2026-04-17 17:04:27;1
2026-04-17 17:04:27;1
2026-04-17 17:08:58;0
2026-04-17 17:08:58;1
2026-04-17 17:09:06;0
2026-04-17 17:09:15;1
2026-04-17 17:18:29;0
2026-04-17 17:18:43;1
2026-04-17 17:18:43;1
2026-04-17 17:27:48;0
2026-04-17 17:27:48;0
2026-04-17 17:32:31;1
2026-04-17 17:46:27;0
2026-04-17 17:51:10;1
2026-04-17 17:55:52;0
2026-04-17 17:55:52;0
2026-04-17 18:00:32;1
2026-04-17 18:00:32;1
2026-04-17 18:08:57;0
2026-04-17 18:08:57;1
2026-04-17 18:19:07;0
2026-04-17 18:19:08;1
2026-04-17 18:28:34;0
2026-04-17 18:28:34;0
2026-04-17 18:33:06;1
2026-04-17 18:42:40;0
2026-04-17 18:51:49;1
2026-04-17 18:56:39;0
2026-04-17 19:08:58;0
2026-04-17 19:08:58;1
2026-04-17 19:10:31;1
2026-04-17 19:10:31;1
2026-04-17 19:15:07;0
2026-04-17 19:19:50;1
2026-04-17 19:24:45;0
2026-04-17 19:29:13;1
2026-04-17 19:33:49;0
2026-04-17 19:33:49;0
2026-04-17 19:43:10;1
2026-04-17 19:57:10;0
2026-04-17 20:06:30;1
2026-04-17 20:08:57;0
2026-04-17 20:08:57;1
2026-04-17 20:11:10;0
2026-04-17 20:15:46;1
2026-04-17 20:15:52;0
2026-04-17 20:20:30;1
2026-04-17 20:20:31;0
2026-04-17 20:25:22;1
2026-04-17 20:25:22;1
2026-04-17 20:39:10;0
2026-04-17 20:39:10;0
2026-04-17 20:48:27;1
2026-04-17 20:57:50;0
2026-04-17 21:02:31;1
2026-04-17 21:07:06;0
2026-04-17 21:08:58;0
2026-04-17 21:08:58;1
2026-04-17 21:11:50;1
2026-04-17 21:44:27;0
2026-04-17 21:49:09;1
2026-04-17 21:53:50;0
2026-04-17 21:54:00;1
2026-04-17 21:58:41;0
2026-04-17 21:58:41;0
2026-04-17 22:03:10;1
2026-04-17 22:07:49;0
2026-04-17 22:08:57;0
2026-04-17 22:08:57;1
2026-04-17 22:12:28;1
2026-04-17 22:12:41;0
2026-04-17 22:12:41;0
2026-04-17 22:17:07;1
2026-04-17 22:17:16;0
2026-04-17 22:21:50;1
2026-04-17 22:21:50;1
2026-04-17 22:54:29;0
2026-04-17 23:08:57;0
2026-04-17 23:08:57;1
2026-04-17 23:41:10;1
2026-04-17 23:55:09;0
2026-04-18 00:04:26;1
2026-04-18 00:08:58;0
2026-04-18 00:08:58;1
2026-04-18 01:08:57;0
2026-04-18 01:08:58;1
2026-04-18 01:14:28;0
2026-04-18 01:21:24;0
2026-04-18 01:40:02;1
2026-04-18 01:40:02;1
2026-04-18 02:08:57;0
2026-04-18 02:08:57;1
2026-04-18 03:08:57;0
2026-04-18 03:08:58;1
2026-04-18 03:18:00;0
2026-04-18 03:18:15;1
2026-04-18 04:08:58;0
2026-04-18 04:08:58;1
2026-04-18 05:08:57;0
2026-04-18 05:08:57;1
2026-04-18 05:52:08;0
2026-04-18 06:06:03;1
2026-04-18 06:08:57;0
2026-04-18 06:08:58;1
2026-04-18 07:02:02;0
2026-04-18 07:08:57;0
2026-04-18 07:08:57;1
2026-04-18 07:39:21;1
2026-04-18 07:44:00;0
2026-04-18 08:07:22;1
2026-04-18 08:08:56;0
2026-04-18 08:08:56;1
2026-04-18 08:16:41;0
2026-04-18 08:26:00;1
2026-04-18 08:26:15;0
2026-04-18 08:35:30;1
2026-04-18 08:40:00;0
2026-04-18 08:44:41;1
2026-04-18 08:49:21;0
2026-04-18 08:54:00;1
2026-04-18 08:54:09;0
2026-04-18 08:58:43;1
2026-04-18 09:08:57;0
2026-04-18 09:08:57;1
2026-04-18 09:12:40;0
2026-04-18 09:26:41;1
2026-04-18 09:31:22;0
2026-04-18 09:31:22;0
2026-04-18 09:31:28;1
2026-04-18 09:36:01;0
2026-04-18 10:08:40;1
2026-04-18 10:08:56;0
2026-04-18 10:08:56;1
2026-04-18 10:13:21;0
2026-04-18 10:27:24;1
2026-04-18 11:00:00;0
2026-04-18 11:08:57;0
2026-04-18 11:08:57;1
2026-04-18 11:09:24;1
2026-04-18 11:09:24;1
2026-04-18 11:22:21;0
2026-04-18 11:50:22;1
2026-04-18 11:59:40;0
2026-04-18 12:04:22;1
2026-04-18 12:08:56;0
2026-04-18 12:08:56;1
2026-04-18 12:23:16;0
2026-04-18 12:27:41;1
2026-04-18 12:27:50;0
2026-04-18 12:27:50;0
2026-04-18 12:32:19;1
2026-04-18 12:37:11;0
2026-04-18 12:41:40;1
2026-04-18 12:41:40;1
2026-04-18 12:41:40;0
2026-04-18 12:41:40;0
2026-04-18 12:51:02;1
2026-04-18 12:51:02;0
2026-04-18 12:51:02;0
2026-04-18 13:00:21;1
2026-04-18 13:00:21;1
2026-04-18 13:05:01;0
2026-04-18 13:08:57;0
2026-04-18 13:08:57;1
2026-04-18 13:28:19;1
2026-04-18 13:33:00;0
2026-04-18 13:33:00;0
2026-04-18 13:42:18;1
2026-04-18 13:46:58;0
2026-04-18 13:51:38;1
2026-04-18 13:56:21;0
2026-04-18 14:05:42;1
2026-04-18 14:05:42;1
2026-04-18 14:08:56;0
2026-04-18 14:08:56;1
2026-04-18 14:15:04;0
2026-04-18 14:19:39;1
2026-04-18 14:29:03;0
2026-04-18 14:29:04;1
2026-04-18 14:38:21;0
2026-04-18 14:43:02;1
2026-04-18 14:47:41;0
2026-04-18 14:47:41;0
2026-04-18 15:06:20;1
2026-04-18 15:06:20;1
2026-04-18 15:08:56;0
2026-04-18 15:08:56;1
2026-04-18 15:11:01;0
2026-04-18 15:11:01;0
2026-04-18 15:15:42;1
2026-04-18 15:20:19;0
2026-04-18 15:20:19;0
2026-04-18 15:25:00;1
2026-04-18 15:25:00;1
2026-04-18 15:39:42;1
2026-04-18 15:44:24;0
2026-04-18 15:44:24;0
2026-04-18 15:58:22;1
2026-04-18 15:58:22;1
2026-04-18 15:58:29;0
2026-04-18 16:03:05;1
2026-04-18 16:08:56;0
2026-04-18 16:08:56;1
2026-04-18 16:21:45;0
2026-04-18 16:21:45;0
2026-04-18 16:26:23;1
2026-04-18 16:26:23;1
2026-04-18 16:31:02;0
2026-04-18 16:31:02;0
2026-04-18 16:31:16;1
2026-04-18 16:44:43;1
2026-04-18 16:44:43;1
2026-04-18 16:49:24;0
2026-04-18 16:54:04;1
2026-04-18 16:54:04;0
2026-04-18 17:08:03;1
2026-04-18 17:08:03;1
2026-04-18 17:08:55;0
2026-04-18 17:08:55;1
2026-04-18 17:12:39;0
2026-04-18 17:17:24;1
2026-04-18 17:22:01;0
2026-04-18 17:26:55;1
2026-04-18 17:36:01;0
2026-04-18 17:45:21;1
2026-04-18 17:50:01;0
2026-04-18 17:50:01;0
2026-04-18 17:54:43;1
2026-04-18 18:08:56;0
2026-04-18 18:08:56;1
2026-04-18 18:27:23;0
2026-04-18 18:27:23;1
2026-04-18 18:31:59;0
2026-04-18 18:36:40;1
2026-04-18 18:36:40;1
2026-04-18 18:41:27;0
2026-04-18 18:46:02;1
2026-04-18 18:53:19;1
2026-04-18 19:07:20;0
2026-04-18 19:08:56;0
2026-04-18 19:08:56;1
2026-04-18 19:18:48;1
2026-04-18 19:44:46;1
2026-04-18 19:54:08;0
2026-04-18 19:58:46;1
2026-04-18 20:06:35;1
2026-04-18 20:08:55;0
2026-04-18 20:08:56;1
2026-04-18 20:11:13;0
2026-04-18 20:20:36;1
2026-04-18 20:20:36;1
2026-04-18 20:44:11;0
2026-04-18 20:48:32;1
2026-04-18 20:48:43;0
2026-04-18 20:53:14;1
2026-04-18 20:53:14;1
2026-04-18 21:08:56;0
2026-04-18 21:08:56;1
2026-04-18 21:32:35;1
2026-04-18 21:44:47;1
2026-04-18 22:08:56;0
2026-04-18 22:08:56;1
2026-04-18 22:17:30;0
2026-04-18 22:31:27;1
2026-04-18 22:31:27;1
2026-04-18 22:54:49;0
2026-04-18 22:59:28;1
2026-04-18 23:08:56;0
2026-04-18 23:08:56;1
2026-04-18 23:32:07;0
2026-04-18 23:41:28;1
2026-04-19 00:00:06;0
2026-04-19 00:00:06;0
2026-04-19 00:08:56;0
2026-04-19 00:08:56;1
2026-04-19 00:18:45;1
2026-04-19 00:37:29;0
2026-04-19 00:42:07;1
2026-04-19 01:08:56;0
2026-04-19 01:08:56;1
2026-04-19 01:10:07;0
2026-04-19 02:08:55;0
2026-04-19 02:08:56;1
2026-04-19 02:10:50;1
2026-04-19 02:15:26;0
2026-04-19 02:34:09;1
2026-04-19 03:08:54;0
2026-04-19 03:08:54;1
2026-04-19 03:49:27;0
2026-04-19 03:49:35;1
2026-04-19 04:08:54;0
2026-04-19 04:08:55;1
2026-04-19 05:04:04;0
2026-04-19 05:08:46;1
2026-04-19 05:08:55;0
2026-04-19 05:08:55;1
2026-04-19 07:08:55;0
2026-04-19 07:08:55;1
2026-04-19 09:08:55;0
2026-04-19 09:08:55;1
2026-04-19 09:44:09;0
2026-04-19 10:02:49;1
2026-04-19 10:02:49;1
2026-04-19 10:08:55;0
2026-04-19 10:08:55;1
2026-04-19 10:33:30;0
2026-04-19 10:33:30;0
2026-04-19 11:06:13;1
2026-04-19 11:06:13;1
2026-04-19 11:08:55;0
2026-04-19 11:08:55;1
2026-04-19 11:10:51;0
2026-04-19 11:34:09;1
2026-04-19 11:51:18;1
2026-04-19 11:55:54;0
2026-04-19 12:08:55;0
2026-04-19 12:08:55;1
2026-04-19 12:23:07;1
2026-04-19 12:23:07;1
2026-04-19 12:49:22;1
2026-04-19 12:49:22;1
2026-04-19 12:54:02;0
2026-04-19 12:58:44;1
2026-04-19 13:08:55;0
2026-04-19 13:08:55;1
2026-04-19 13:26:43;0
2026-04-19 13:26:43;1
2026-04-19 13:26:43;1
2026-04-19 13:40:39;0
2026-04-19 13:45:19;1
2026-04-19 13:45:19;1
2026-04-19 13:50:03;0
2026-04-19 13:54:42;1
2026-04-19 13:59:29;0
2026-04-19 14:04:02;1
2026-04-19 14:04:02;1
2026-04-19 14:08:53;0
2026-04-19 14:08:54;1
2026-04-19 14:17:59;0
2026-04-19 14:22:48;1
2026-04-19 14:31:59;0
2026-04-19 14:50:42;1
2026-04-19 15:00:16;0
2026-04-19 15:04:41;1
2026-04-19 15:08:54;0
2026-04-19 15:08:54;1
2026-04-19 15:28:15;0
2026-04-19 15:37:26;1
2026-04-19 15:51:20;0
2026-04-19 15:56:06;1
2026-04-19 16:08:55;0
2026-04-19 16:08:55;1
2026-04-19 16:10:53;1
2026-04-19 16:19:36;1
2026-04-19 16:19:36;1
2026-04-19 16:24:19;0
2026-04-19 16:28:56;1
2026-04-19 17:01:40;0
2026-04-19 17:06:15;1
2026-04-19 17:08:55;0
2026-04-19 17:08:55;1
2026-04-19 17:10:58;0
2026-04-19 17:21:38;1
2026-04-19 17:21:38;1
2026-04-19 17:26:32;0
2026-04-19 17:30:57;1
2026-04-19 17:58:57;0
2026-04-19 18:08:28;1
2026-04-19 18:08:54;0
2026-04-19 18:08:54;1
2026-04-19 18:17:37;0
2026-04-19 18:22:17;1
2026-04-19 18:22:17;1
2026-04-19 18:31:34;0
2026-04-19 18:31:34;0
2026-04-19 18:31:41;1
2026-04-19 18:50:15;0
2026-04-19 19:08:55;0
2026-04-19 19:08:55;1
2026-04-19 19:08:57;1
2026-04-19 19:09:07;0
2026-04-19 19:09:07;0
2026-04-19 19:13:34;1
2026-04-19 19:18:28;0
2026-04-19 19:22:57;1
2026-04-19 19:22:57;1
2026-04-19 19:32:17;0
2026-04-19 19:32:17;1
2026-04-19 19:32:17;1
2026-04-19 19:46:30;0
2026-04-19 19:55:34;1
2026-04-19 19:55:41;0
2026-04-19 19:55:41;0
2026-04-19 20:00:17;1
2026-04-19 20:00:17;1
2026-04-19 20:08:54;0
2026-04-19 20:08:54;1
2026-04-19 20:09:37;0
2026-04-19 20:23:34;1
2026-04-19 20:23:34;1
2026-04-19 20:23:44;0
2026-04-19 20:28:14;1
2026-04-19 20:42:13;0
2026-04-19 20:51:33;1
2026-04-19 20:56:14;0
2026-04-19 21:05:34;1
2026-04-19 21:08:53;0
2026-04-19 21:08:54;1
2026-04-19 21:10:18;0
2026-04-19 21:33:36;1
2026-04-19 21:33:36;1
2026-04-19 21:38:20;0
2026-04-19 21:42:55;1
2026-04-19 21:42:55;1
2026-04-19 21:47:37;0
2026-04-19 21:52:15;1
2026-04-19 22:08:53;0
2026-04-19 22:08:54;1
2026-04-19 23:08:54;0
2026-04-19 23:08:54;1
2026-04-20 00:08:53;0
2026-04-20 00:08:53;1
2026-04-20 01:08:53;0
2026-04-20 01:08:54;1
2026-04-20 04:08:53;0
2026-04-20 04:08:53;1
2026-04-20 04:52:18;0
2026-04-20 05:08:53;0
2026-04-20 05:08:53;1
2026-04-20 05:43:00;0
2026-04-20 06:43:51;1
2026-04-20 06:48:19;0
2026-04-20 06:57:41;1
2026-04-20 07:08:53;0
2026-04-20 07:08:53;1
2026-04-20 07:21:01;0
2026-04-20 07:30:17;1
2026-04-20 07:30:17;1
2026-04-20 07:44:19;0
2026-04-20 07:49:07;1
2026-04-20 07:53:42;0
2026-04-20 07:53:52;1
2026-04-20 07:58:18;0
2026-04-20 08:03:02;1
2026-04-20 08:07:42;0
2026-04-20 08:08:52;0
2026-04-20 08:08:53;1
2026-04-20 08:12:20;1
2026-04-20 08:21:41;0
2026-04-20 08:31:00;1
2026-04-20 08:44:59;0
2026-04-20 08:49:42;1
2026-04-20 09:08:17;0
2026-04-20 09:08:53;0
2026-04-20 09:08:53;1
2026-04-20 09:13:01;1
2026-04-20 09:13:01;1
2026-04-20 09:13:11;0
2026-04-20 09:26:58;1
2026-04-20 09:36:18;0
2026-04-20 09:36:18;0
2026-04-20 09:36:27;1
2026-04-20 09:40:59;0
2026-04-20 09:45:54;1
2026-04-20 09:45:54;1
2026-04-20 09:54:58;0
2026-04-20 09:54:58;0
2026-04-20 09:55:13;1
2026-04-20 09:55:13;1
2026-04-20 10:08:52;0
2026-04-20 10:08:52;1
2026-04-20 10:08:59;0
2026-04-20 10:13:41;1
2026-04-20 10:13:50;0
2026-04-20 10:32:19;1
2026-04-20 10:32:19;1
2026-04-20 10:41:38;0
2026-04-20 10:41:43;1
2026-04-20 10:46:17;0
2026-04-20 10:50:58;1
2026-04-20 11:08:53;0
2026-04-20 11:08:53;1
2026-04-20 11:09:38;0
2026-04-20 11:09:38;0
2026-04-20 11:09:53;1
2026-04-20 11:09:53;1
2026-04-20 11:18:57;0
2026-04-20 11:18:57;0
2026-04-20 11:19:02;1
2026-04-20 11:19:02;1
2026-04-20 11:33:11;0
2026-04-20 11:37:42;1
2026-04-20 11:42:17;0
2026-04-20 11:42:26;1
2026-04-20 11:42:26;1
2026-04-20 11:46:57;0
2026-04-20 11:46:57;0
2026-04-20 11:47:16;1
2026-04-20 11:56:20;0
2026-04-20 12:01:13;1
2026-04-20 12:08:52;0
2026-04-20 12:08:53;1
2026-04-20 12:14:59;0
2026-04-20 12:14:59;0
2026-04-20 12:14:59;1
2026-04-20 12:19:41;0
2026-04-20 12:19:54;1
2026-04-20 12:24:19;0
2026-04-20 12:29:03;1
2026-04-20 12:33:38;0
2026-04-20 12:38:21;1
2026-04-20 12:38:28;0
2026-04-20 12:42:59;1
2026-04-20 12:57:02;0
2026-04-20 13:01:37;1
2026-04-20 13:01:55;0
2026-04-20 13:06:22;1
2026-04-20 13:08:52;0
2026-04-20 13:08:53;1
2026-04-20 13:15:46;0
2026-04-20 13:20:19;1
2026-04-20 13:20:19;0
2026-04-20 13:24:58;1
2026-04-20 13:24:58;1
2026-04-20 13:25:05;0
2026-04-20 13:34:22;1
2026-04-20 13:34:23;0
2026-04-20 13:39:16;1
2026-04-20 13:39:16;1
2026-04-20 13:39:17;0
2026-04-20 13:47:45;0
2026-04-20 13:52:24;1
2026-04-20 14:06:48;1
2026-04-20 14:06:48;1
2026-04-20 14:08:51;0
2026-04-20 14:08:52;1
2026-04-20 14:30:09;0
2026-04-20 14:34:47;1
2026-04-20 14:34:47;1
2026-04-20 14:39:36;0
2026-04-20 14:39:36;0
2026-04-20 14:44:06;1
2026-04-20 14:44:14;0
2026-04-20 14:48:49;1
2026-04-20 14:48:49;1
2026-04-20 15:02:32;0
2026-04-20 15:02:32;0
2026-04-20 15:08:51;0
2026-04-20 15:08:51;1
2026-04-20 15:10:38;1
2026-04-20 15:19:53;0
2026-04-20 15:29:38;1
2026-04-20 15:34:23;0
2026-04-20 15:39:00;1
2026-04-20 15:48:17;0
2026-04-20 15:48:32;1
2026-04-20 15:57:41;0
2026-04-20 15:57:55;1
2026-04-20 16:02:20;0
2026-04-20 16:06:56;1
2026-04-20 16:08:52;0
2026-04-20 16:08:52;1
2026-04-20 16:11:36;0
2026-04-20 16:11:37;1
2026-04-20 16:16:17;0
2026-04-20 16:20:58;1
2026-04-20 16:20:58;0
2026-04-20 16:25:37;1
2026-04-20 16:30:22;0
2026-04-20 16:39:38;1
2026-04-20 16:53:44;0
2026-04-20 16:58:16;1
2026-04-20 17:03:00;0
2026-04-20 17:03:14;1
2026-04-20 17:08:52;0
2026-04-20 17:08:52;1
2026-04-20 17:12:17;0
2026-04-20 17:17:06;1
2026-04-20 17:31:00;0
2026-04-20 17:40:24;1
2026-04-20 17:45:15;0
2026-04-20 17:45:15;0
2026-04-20 17:49:39;1
2026-04-20 17:49:46;0
2026-04-20 17:49:46;0
2026-04-20 17:54:20;1
2026-04-20 17:54:29;0
2026-04-20 18:01:40;1
2026-04-20 18:06:16;0
2026-04-20 18:08:53;0
2026-04-20 18:08:53;1
2026-04-20 18:10:58;1
2026-04-20 18:24:57;0
2026-04-20 18:24:57;0
2026-04-20 18:29:38;1
2026-04-20 18:38:56;0
2026-04-20 18:38:56;0
2026-04-20 18:39:01;1
2026-04-20 18:39:01;1
2026-04-20 18:48:29;0
2026-04-20 18:53:00;1
2026-04-20 18:57:35;0
2026-04-20 18:57:35;0
2026-04-20 18:57:40;1
2026-04-20 19:08:52;0
2026-04-20 19:08:52;1
2026-04-20 19:11:38;0
2026-04-20 19:16:18;1
2026-04-20 19:16:18;1
2026-04-20 19:34:55;0
2026-04-20 19:39:38;1
2026-04-20 19:49:30;1
2026-04-20 19:49:30;1
2026-04-20 19:54:09;0
2026-04-20 20:08:52;0
2026-04-20 20:08:52;1
2026-04-20 20:11:33;0
2026-04-20 20:16:14;1
2026-04-20 20:22:24;1
2026-04-20 20:36:55;1
2026-04-20 20:44:02;0
2026-04-20 20:44:08;1
2026-04-20 20:58:06;1
2026-04-20 21:07:08;0
2026-04-20 21:07:16;1
2026-04-20 21:08:51;0
2026-04-20 21:08:51;1
2026-04-20 21:14:41;1
2026-04-20 21:24:04;0
2026-04-20 21:24:04;0
2026-04-20 21:33:48;1
2026-04-20 21:33:48;1
2026-04-20 21:52:53;1
2026-04-20 21:59:05;1
2026-04-20 22:08:51;0
2026-04-20 22:08:52;1
2026-04-20 22:10:51;1
2026-04-20 22:15:07;1
2026-04-20 22:25:08;1
2026-04-20 22:29:45;0
2026-04-20 22:34:28;1
2026-04-20 22:56:10;1
2026-04-20 23:08:52;0
2026-04-20 23:08:52;1
2026-04-20 23:19:27;0
2026-04-20 23:29:42;0
2026-04-20 23:29:48;1
2026-04-21 00:02:38;0
2026-04-21 00:08:52;0
2026-04-21 00:08:52;1
2026-04-21 00:16:17;0
2026-04-21 00:53:54;1
2026-04-21 01:08:52;0
2026-04-21 01:08:52;1
2026-04-21 02:08:51;0
2026-04-21 02:08:52;1
2026-04-21 04:42:19;0
2026-04-21 04:42:19;0
2026-04-21 05:08:51;0
2026-04-21 05:08:51;1
2026-04-21 05:29:07;1
2026-04-21 05:33:38;0
2026-04-21 06:06:16;1
2026-04-21 06:08:51;0
2026-04-21 06:08:51;1
2026-04-21 06:15:35;0
2026-04-21 06:48:15;1
2026-04-21 06:48:22;0
2026-04-21 06:52:59;1
2026-04-21 07:02:15;0
2026-04-21 07:02:21;1
2026-04-21 07:08:50;0
2026-04-21 07:08:50;1
2026-04-21 07:20:20;0
2026-04-21 07:39:00;1
2026-04-21 07:43:41;0
2026-04-21 07:48:19;1
2026-04-21 07:52:59;0
2026-04-21 07:52:59;0
2026-04-21 07:57:38;1
2026-04-21 07:57:56;0
2026-04-21 08:08:51;0
2026-04-21 08:08:51;1
2026-04-21 08:11:41;1
2026-04-21 08:25:56;0
2026-04-21 08:30:19;1
2026-04-21 08:30:28;0
2026-04-21 08:39:38;1
2026-04-21 08:44:22;0
2026-04-21 08:53:41;1
2026-04-21 08:53:41;1
2026-04-21 08:53:50;0
2026-04-21 08:58:17;1
2026-04-21 08:58:17;1
2026-04-21 09:03:01;0
2026-04-21 09:08:50;0
2026-04-21 09:08:50;1
2026-04-21 09:12:18;1
2026-04-21 09:12:24;0
2026-04-21 09:35:49;1
2026-04-21 09:40:18;0
2026-04-21 09:45:00;1
2026-04-21 09:49:54;0
2026-04-21 09:59:01;1
2026-04-21 10:03:41;0
2026-04-21 10:03:41;0
2026-04-21 10:08:51;0
2026-04-21 10:08:51;1
2026-04-21 10:13:10;1
2026-04-21 10:19:48;1
2026-04-21 10:38:26;0
2026-04-21 10:38:32;1
2026-04-21 10:47:48;0
2026-04-21 10:48:05;1
2026-04-21 10:48:05;1
2026-04-21 10:59:04;1
2026-04-21 11:08:50;0
2026-04-21 11:08:50;1
2026-04-21 11:17:56;0
2026-04-21 11:22:25;1
2026-04-21 11:22:26;0
2026-04-21 11:27:02;1
2026-04-21 11:41:00;0
2026-04-21 11:41:00;0
2026-04-21 11:45:41;1
2026-04-21 11:52:44;0
2026-04-21 11:57:27;1
2026-04-21 11:57:27;1
2026-04-21 12:02:21;0
2026-04-21 12:06:44;1
2026-04-21 12:06:44;1
2026-04-21 12:06:44;0
2026-04-21 12:08:57;0
2026-04-21 12:08:57;1
2026-04-21 12:13:39;0
2026-04-21 12:18:30;1
2026-04-21 12:27:53;0
2026-04-21 12:32:17;1
2026-04-21 12:37:00;0
2026-04-21 12:37:01;1
2026-04-21 12:37:01;1
2026-04-21 12:51:03;0
2026-04-21 12:51:08;1
2026-04-21 12:51:08;1
2026-04-21 12:55:55;0
2026-04-21 13:01:51;1
2026-04-21 13:02:09;0
2026-04-21 13:06:31;1
2026-04-21 13:06:42;0
2026-04-21 13:08:51;0
2026-04-21 13:08:51;1
2026-04-21 13:16:20;0
2026-04-21 13:16:37;1
2026-04-21 13:28:05;0
2026-04-21 13:28:14;1
2026-04-21 13:42:03;0
2026-04-21 13:42:03;0
2026-04-21 13:42:17;1
2026-04-21 13:42:17;1
2026-04-21 13:51:25;0
2026-04-21 13:51:25;0
2026-04-21 13:51:40;1
2026-04-21 13:56:05;0
2026-04-21 13:56:15;1
2026-04-21 14:08:50;0
2026-04-21 14:08:50;1
2026-04-21 14:10:07;0
2026-04-21 14:10:07;0
2026-04-21 14:20:07;1
2026-04-21 14:20:07;1
2026-04-21 14:24:46;0
2026-04-21 14:25:00;1
2026-04-21 14:29:33;0
2026-04-21 14:34:06;1
2026-04-21 14:34:13;0
2026-04-21 14:43:28;1
2026-04-21 14:48:07;0
2026-04-21 15:06:50;1
2026-04-21 15:08:50;0
2026-04-21 15:08:50;1
2026-04-21 15:16:10;0
2026-04-21 15:16:10;0
2026-04-21 15:16:19;1
2026-04-21 15:20:47;0
2026-04-21 15:25:34;1
2026-04-21 15:39:27;0
2026-04-21 15:39:27;0
2026-04-21 15:39:39;1
2026-04-21 15:44:09;0
2026-04-21 15:44:09;0
2026-04-21 15:44:18;1
2026-04-21 15:44:18;1
2026-04-21 15:48:48;0
2026-04-21 15:53:29;1
2026-04-21 16:02:46;0
2026-04-21 16:02:46;0
2026-04-21 16:02:57;1
2026-04-21 16:07:26;0
2026-04-21 16:08:50;0
2026-04-21 16:08:50;1
2026-04-21 16:12:07;1
2026-04-21 16:21:28;0
2026-04-21 16:21:37;1
2026-04-21 16:21:37;1
2026-04-21 16:26:07;0
2026-04-21 16:30:48;1
2026-04-21 16:30:48;1
2026-04-21 16:40:06;0
2026-04-21 16:44:49;1
2026-04-21 16:45:00;0
2026-04-21 16:45:00;0
2026-04-21 16:49:28;1
2026-04-21 16:54:08;0
2026-04-21 17:05:57;1
2026-04-21 17:08:49;0
2026-04-21 17:08:49;1
2026-04-21 17:15:17;0
2026-04-21 17:15:27;1
2026-04-21 17:32:20;1
2026-04-21 17:41:22;1
2026-04-21 17:41:22;0
2026-04-21 17:45:58;1
2026-04-21 17:45:58;1
2026-04-21 17:50:39;0
2026-04-21 17:50:39;0
2026-04-21 17:50:45;1
2026-04-21 18:04:44;0
2026-04-21 18:08:49;0
2026-04-21 18:08:49;1
2026-04-21 18:09:19;1
2026-04-21 18:18:52;0
2026-04-21 18:18:52;0
2026-04-21 18:23:21;1
2026-04-21 18:28:01;0
2026-04-21 18:28:16;1
2026-04-21 18:28:16;1
2026-04-21 18:32:38;0
2026-04-21 18:37:18;1
2026-04-21 18:37:18;1
2026-04-21 18:42:00;0
2026-04-21 18:42:00;0
2026-04-21 18:46:52;1
2026-04-21 18:46:52;1
2026-04-21 18:56:03;0
2026-04-21 19:00:41;1
2026-04-21 19:08:50;0
2026-04-21 19:08:50;1
2026-04-21 19:17:26;1
2026-04-21 19:22:10;0
2026-04-21 19:26:44;1
2026-04-21 19:26:44;1
2026-04-21 19:31:27;0
2026-04-21 19:43:23;1
2026-04-21 19:52:43;0
2026-04-21 20:02:03;1
2026-04-21 20:06:44;0
2026-04-21 20:06:58;1
2026-04-21 20:08:49;0
2026-04-21 20:08:49;1
2026-04-21 20:11:24;0
2026-04-21 20:16:07;1
2026-04-21 20:20:44;0
2026-04-21 20:30:03;1
2026-04-21 21:08:49;0
2026-04-21 21:08:49;1
2026-04-21 21:35:04;1
2026-04-21 21:35:04;1
2026-04-21 21:46:50;0
2026-04-21 21:56:48;1
2026-04-21 22:04:52;1
2026-04-21 22:08:50;0
2026-04-21 22:08:50;1
2026-04-21 22:23:34;0
2026-04-21 22:28:13;1
2026-04-21 22:43:01;1
2026-04-21 22:43:01;1
2026-04-21 22:57:05;0
2026-04-21 22:57:05;0
2026-04-21 23:01:39;1
2026-04-21 23:01:39;1
2026-04-21 23:08:49;0
2026-04-21 23:08:49;1
2026-04-22 00:25:19;1
2026-04-22 01:08:48;0
2026-04-22 01:08:48;1
2026-04-22 01:30:41;0
2026-04-22 02:08:48;0
2026-04-22 02:08:48;1
2026-04-22 03:50:39;1
2026-04-22 04:08:49;0
2026-04-22 04:08:49;1
2026-04-22 04:46:36;0
2026-04-22 05:08:49;0
2026-04-22 05:08:49;1
2026-04-22 05:23:58;1
2026-04-22 05:41:25;1
2026-04-22 06:08:49;0
2026-04-22 06:08:49;1
2026-04-22 06:37:07;1
2026-04-22 06:41:47;0
2026-04-22 06:46:24;1
2026-04-22 06:46:24;1
2026-04-22 07:05:00;1
2026-04-22 07:08:49;0
2026-04-22 07:08:49;1
2026-04-22 07:23:36;0
2026-04-22 07:33:11;1
2026-04-22 07:42:19;0
2026-04-22 07:56:15;1
2026-04-22 08:01:01;0
2026-04-22 08:08:48;0
2026-04-22 08:08:48;1
2026-04-22 08:14:56;1
2026-04-22 08:15:03;0
2026-04-22 08:28:58;1
2026-04-22 08:35:30;1
2026-04-22 08:40:12;0
2026-04-22 08:49:33;1
2026-04-22 08:49:33;1
2026-04-22 09:03:43;0
2026-04-22 09:08:12;1
2026-04-22 09:08:48;0
2026-04-22 09:08:48;1
2026-04-22 09:12:50;0
2026-04-22 09:12:50;0
2026-04-22 09:22:13;1
2026-04-22 09:22:22;0
2026-04-22 09:40:50;1
2026-04-22 09:45:33;0
2026-04-22 09:50:11;1
2026-04-22 09:50:25;0
2026-04-22 09:59:37;1
2026-04-22 10:08:48;0
2026-04-22 10:08:48;1
2026-04-22 10:08:57;0
2026-04-22 10:13:46;1
2026-04-22 10:13:46;1
2026-04-22 10:32:10;0
2026-04-22 10:36:50;1
2026-04-22 10:41:31;0
2026-04-22 10:41:31;0
2026-04-22 10:46:11;1
2026-04-22 10:46:25;0
2026-04-22 10:55:30;1
2026-04-22 10:55:39;0
2026-04-22 11:04:51;1
2026-04-22 11:08:48;0
2026-04-22 11:08:48;1
2026-04-22 11:14:11;0
2026-04-22 11:22:11;0
2026-04-22 11:22:17;1
2026-04-22 11:35:47;1
2026-04-22 11:40:26;0
2026-04-22 11:40:26;0
2026-04-22 11:45:06;1
2026-04-22 11:49:46;0
2026-04-22 11:49:46;1
2026-04-22 11:59:02;0
2026-04-22 12:03:58;1
2026-04-22 12:03:58;1
2026-04-22 12:08:38;0
2026-04-22 12:08:48;0
2026-04-22 12:08:48;1
2026-04-22 12:13:04;1
2026-04-22 12:13:22;0
2026-04-22 12:17:47;1
2026-04-22 12:17:47;1
2026-04-22 12:17:54;0
2026-04-22 12:27:03;1
2026-04-22 12:31:43;0
2026-04-22 12:41:17;1
2026-04-22 12:50:42;0
2026-04-22 12:55:03;1
2026-04-22 12:55:03;1
2026-04-22 12:59:44;0
2026-04-22 12:59:44;0
2026-04-22 13:00:00;1
2026-04-22 13:04:24;0
2026-04-22 13:04:24;0
2026-04-22 13:08:47;0
2026-04-22 13:08:47;1
2026-04-22 13:09:05;1
2026-04-22 13:09:14;0
2026-04-22 13:13:57;1
2026-04-22 13:18:33;0
2026-04-22 13:18:33;0
2026-04-22 13:23:09;1
2026-04-22 13:34:45;1
2026-04-22 13:39:39;0
2026-04-22 13:44:08;1
2026-04-22 13:48:49;0
2026-04-22 13:53:24;1
2026-04-22 13:53:40;0
2026-04-22 14:02:43;1
2026-04-22 14:02:50;0
2026-04-22 14:07:40;1
2026-04-22 14:07:40;1
2026-04-22 14:08:47;0
2026-04-22 14:08:47;1
2026-04-22 14:12:03;0
2026-04-22 14:12:03;0
2026-04-22 14:12:21;1
2026-04-22 14:16:44;0
2026-04-22 14:16:44;1
2026-04-22 14:16:44;1
2026-04-22 14:21:30;0
2026-04-22 14:21:30;0
2026-04-22 14:26:03;1
2026-04-22 14:26:09;0
2026-04-22 14:26:09;0
2026-04-22 14:40:01;1
2026-04-22 14:40:01;1
2026-04-22 14:49:22;0
2026-04-22 14:54:02;1
2026-04-22 14:58:45;0
2026-04-22 15:08:02;1
2026-04-22 15:08:02;1
2026-04-22 15:08:48;0
2026-04-22 15:08:48;1
2026-04-22 15:12:42;0
2026-04-22 15:12:57;1
2026-04-22 15:26:46;0
2026-04-22 15:36:02;1
2026-04-22 15:40:46;0
2026-04-22 15:40:54;1
2026-04-22 15:45:34;0
2026-04-22 15:52:58;0
2026-04-22 15:57:38;1
2026-04-22 15:57:50;0
2026-04-22 16:02:26;1
2026-04-22 16:06:56;0
2026-04-22 16:06:56;0
2026-04-22 16:08:48;0
2026-04-22 16:08:48;1
2026-04-22 16:11:40;1
2026-04-22 16:11:40;1
2026-04-22 16:16:20;0
2026-04-22 16:16:20;0
2026-04-22 16:16:28;1
2026-04-22 16:16:28;1
2026-04-22 16:25:45;0
2026-04-22 16:30:16;1
2026-04-22 16:30:29;0
2026-04-22 16:34:56;1
2026-04-22 16:34:56;1
2026-04-22 16:39:55;0
2026-04-22 16:39:55;0
2026-04-22 16:48:59;1
2026-04-22 16:53:38;0
2026-04-22 16:53:45;1
2026-04-22 17:03:15;0
2026-04-22 17:07:37;1
2026-04-22 17:08:48;0
2026-04-22 17:08:48;1
2026-04-22 17:16:57;0
2026-04-22 17:17:03;1
2026-04-22 17:21:37;0
2026-04-22 17:21:46;1
2026-04-22 17:26:20;0
2026-04-22 17:35:40;1
2026-04-22 17:49:38;0
2026-04-22 17:49:39;1
2026-04-22 18:08:56;0
2026-04-22 18:18:57;0
2026-04-22 18:19:02;1
2026-04-22 18:26:59;0
2026-04-22 18:27:08;1
2026-04-22 18:31:43;0
2026-04-22 18:36:31;1
2026-04-22 18:36:31;1
2026-04-22 18:45:41;0
2026-04-22 18:45:41;1
2026-04-22 18:45:41;1
2026-04-22 18:55:01;0
2026-04-22 18:59:39;1
2026-04-22 19:04:20;0
2026-04-22 19:08:47;0
2026-04-22 19:08:47;1
2026-04-22 19:09:00;1
2026-04-22 19:09:00;1
2026-04-22 19:09:08;0
2026-04-22 19:09:08;0
2026-04-22 19:13:42;1
2026-04-22 19:18:19;0
2026-04-22 19:18:19;0
2026-04-22 19:18:25;1
2026-04-22 19:28:18;1
2026-04-22 19:28:18;1
2026-04-22 19:54:18;1
2026-04-22 20:08:48;0
2026-04-22 20:08:48;1
2026-04-22 20:22:16;0
2026-04-22 20:31:36;1
2026-04-22 20:59:38;0
2026-04-22 21:04:16;1
2026-04-22 21:08:47;0
2026-04-22 21:08:47;1
2026-04-22 21:08:55;0
2026-04-22 21:13:37;1
2026-04-22 21:23:00;0
2026-04-22 21:23:00;0
2026-04-22 21:27:39;1
2026-04-22 21:32:20;0
2026-04-22 21:41:42;1
2026-04-22 21:50:59;0
2026-04-22 21:55:40;1
2026-04-22 22:08:47;0
2026-04-22 22:08:47;1
2026-04-22 22:28:30;0
2026-04-22 22:33:01;1
2026-04-22 22:42:32;0
2026-04-22 22:42:32;0
2026-04-22 22:47:03;1
2026-04-22 23:05:40;0
2026-04-22 23:05:41;1
2026-04-22 23:08:48;0
2026-04-22 23:08:48;1
2026-04-22 23:10:19;0
2026-04-22 23:19:39;1
2026-04-22 23:24:19;0
2026-04-23 00:08:48;0
2026-04-23 00:08:48;1
2026-04-23 01:35:00;1
2026-04-23 01:35:00;1
2026-04-23 01:44:23;0
2026-04-23 02:08:48;0
2026-04-23 02:08:48;1
2026-04-23 02:20:47;0
2026-04-23 02:20:47;0
2026-04-23 03:48:34;0
2026-04-23 03:48:34;0
2026-04-23 04:02:32;1
2026-04-23 04:02:32;1
2026-04-23 04:08:47;0
2026-04-23 04:08:48;1
2026-04-23 04:09:23;1
2026-04-23 04:51:25;0
2026-04-23 05:08:46;0
2026-04-23 05:08:46;1
2026-04-23 06:08:46;0
2026-04-23 06:08:46;1
2026-04-23 06:29:27;1
2026-04-23 06:29:27;1
2026-04-23 06:43:26;0
2026-04-23 06:57:26;1
2026-04-23 07:08:47;0
2026-04-23 07:08:47;1
2026-04-23 07:16:05;0
2026-04-23 07:34:46;1
2026-04-23 07:48:48;0
2026-04-23 07:58:08;1
2026-04-23 07:58:19;0
2026-04-23 08:08:47;0
2026-04-23 08:08:47;1
2026-04-23 08:21:25;1
2026-04-23 08:21:25;0
2026-04-23 08:30:45;1
2026-04-23 08:30:45;1
2026-04-23 08:35:26;0
2026-04-23 08:40:20;1
2026-04-23 08:49:26;0
2026-04-23 08:49:26;0
2026-04-23 08:54:07;1
2026-04-23 08:54:07;1
2026-04-23 09:08:46;0
2026-04-23 09:08:46;1
2026-04-23 09:17:24;0
2026-04-23 09:26:09;0
2026-04-23 09:26:09;0
2026-04-23 09:26:17;1
2026-04-23 09:30:51;0
2026-04-23 09:44:50;1
2026-04-23 09:49:32;0
2026-04-23 10:03:28;1
2026-04-23 10:03:28;1
2026-04-23 10:08:46;0
2026-04-23 10:08:47;1
2026-04-23 10:12:51;0
2026-04-23 10:20:06;0
2026-04-23 10:20:06;0
2026-04-23 10:20:19;1
2026-04-23 10:24:43;0
2026-04-23 10:24:43;1
2026-04-23 10:29:22;0
2026-04-23 10:34:07;1
2026-04-23 10:34:07;1
2026-04-23 10:38:43;0
2026-04-23 10:38:43;0
2026-04-23 10:43:24;1
2026-04-23 10:48:02;0
2026-04-23 10:52:43;1
2026-04-23 11:08:46;0
2026-04-23 11:08:46;1
2026-04-23 11:16:02;0
2026-04-23 11:16:16;1
2026-04-23 11:16:16;1
2026-04-23 11:20:42;0
2026-04-23 11:20:48;1
2026-04-23 11:30:09;0
2026-04-23 11:30:09;0
2026-04-23 11:39:23;1
2026-04-23 11:44:03;0
2026-04-23 11:48:45;1
2026-04-23 11:53:26;0
2026-04-23 12:03:30;0
2026-04-23 12:08:09;1
2026-04-23 12:08:46;0
2026-04-23 12:08:46;1
2026-04-23 12:13:00;0
2026-04-23 12:13:00;0
2026-04-23 12:22:10;1
2026-04-23 12:26:47;0
2026-04-23 12:31:26;1
2026-04-23 12:31:26;1
2026-04-23 12:36:08;0
2026-04-23 12:36:16;1
2026-04-23 12:36:16;1
2026-04-23 12:45:28;0
2026-04-23 12:50:07;1
2026-04-23 12:50:13;0
2026-04-23 12:55:03;1
2026-04-23 13:04:14;0
2026-04-23 13:08:46;0
2026-04-23 13:08:46;1
2026-04-23 13:09:04;1
2026-04-23 13:22:49;0
2026-04-23 13:22:49;1
2026-04-23 13:27:28;0
2026-04-23 13:27:29;1
2026-04-23 13:36:51;0
2026-04-23 13:41:27;1
2026-04-23 13:41:27;1
2026-04-23 13:46:07;0
2026-04-23 13:46:08;1
2026-04-23 13:50:53;0
2026-04-23 13:50:53;0
2026-04-23 13:55:41;1
2026-04-23 13:55:41;1
2026-04-23 14:00:22;0
2026-04-23 14:08:46;0
2026-04-23 14:08:46;1
2026-04-23 14:09:29;1
2026-04-23 14:28:13;0
2026-04-23 14:28:13;0
2026-04-23 14:32:51;1
2026-04-23 14:47:23;1
2026-04-23 14:52:00;0
2026-04-23 14:52:00;0
2026-04-23 14:56:45;1
2026-04-23 15:01:24;0
2026-04-23 15:06:01;1
2026-04-23 15:08:46;0
2026-04-23 15:08:46;1
2026-04-23 15:10:58;0
2026-04-23 15:24:42;1
2026-04-23 15:24:42;1
2026-04-23 15:34:00;0
2026-04-23 15:38:48;1
2026-04-23 15:43:22;0
2026-04-23 15:48:00;1
2026-04-23 15:48:00;1
2026-04-23 15:57:21;0
2026-04-23 15:57:27;1
2026-04-23 15:57:27;1
2026-04-23 16:02:06;0
2026-04-23 16:06:41;1
2026-04-23 16:08:45;0
2026-04-23 16:08:45;1
2026-04-23 16:11:25;0
2026-04-23 16:16:04;1
2026-04-23 16:20:43;0
2026-04-23 16:20:55;1
2026-04-23 16:25:28;0
2026-04-23 16:34:28;0
2026-04-23 16:34:41;1
2026-04-23 16:43:52;0
2026-04-23 16:48:31;1
2026-04-23 16:48:38;0
2026-04-23 16:53:05;1
2026-04-23 16:53:05;1
2026-04-23 16:57:49;0
2026-04-23 16:57:49;0
2026-04-23 17:02:27;1
2026-04-23 17:02:27;1
2026-04-23 17:02:33;0
2026-04-23 17:07:05;1
2026-04-23 17:07:05;1
2026-04-23 17:08:46;0
2026-04-23 17:08:46;1
2026-04-23 17:11:58;0
2026-04-23 17:11:58;0
2026-04-23 17:23:35;0
2026-04-23 17:23:35;0
2026-04-23 17:37:33;1
2026-04-23 17:42:15;0
2026-04-23 17:42:15;0
2026-04-23 17:46:56;1
2026-04-23 18:05:36;0
2026-04-23 18:05:46;1
2026-04-23 18:08:45;0
2026-04-23 18:08:45;1
2026-04-23 18:10:15;0
2026-04-23 18:10:15;0
2026-04-23 18:10:15;1
2026-04-23 18:19:31;0
2026-04-23 18:19:36;1
2026-04-23 18:36:43;1
2026-04-23 18:50:45;0
2026-04-23 18:55:24;1
2026-04-23 19:04:40;0
2026-04-23 19:08:46;0
2026-04-23 19:08:46;1
2026-04-23 19:23:22;1
2026-04-23 19:28:00;0
2026-04-23 19:28:09;1
2026-04-23 19:51:20;0
2026-04-23 19:51:29;1
2026-04-23 20:05:33;0
2026-04-23 20:05:33;0
2026-04-23 20:08:45;0
2026-04-23 20:08:45;1
2026-04-23 20:14:41;1
2026-04-23 20:24:02;0
2026-04-23 20:38:04;1
2026-04-23 20:52:02;0
2026-04-23 20:59:30;0
2026-04-23 21:08:46;0
2026-04-23 21:08:46;1
2026-04-23 21:13:34;1
2026-04-23 21:13:34;1
2026-04-23 21:28:42;1
2026-04-23 21:33:19;0
2026-04-23 21:33:19;0
2026-04-23 21:38:00;1
2026-04-23 22:06:03;0
2026-04-23 22:06:03;0
2026-04-23 22:08:45;0
2026-04-23 22:08:45;1
2026-04-23 22:10:39;1
2026-04-23 22:17:03;1
2026-04-23 22:17:19;0
2026-04-23 22:21:44;1
2026-04-23 22:32:16;1
2026-04-23 22:32:16;1
2026-04-23 22:36:57;0
2026-04-23 22:50:24;0
2026-04-23 23:02:08;1
2026-04-23 23:02:08;1
2026-04-23 23:08:45;0
2026-04-23 23:08:45;1
2026-04-23 23:49:29;1
2026-04-23 23:58:47;0
2026-04-24 00:08:45;0
2026-04-24 00:08:45;1
2026-04-24 00:26:45;1
2026-04-24 01:08:45;0
2026-04-24 01:08:45;1
2026-04-24 01:26:17;1
2026-04-24 02:08:45;0
2026-04-24 02:08:45;1
2026-04-24 03:08:45;0
2026-04-24 03:08:45;1
2026-04-24 04:08:45;0
2026-04-24 04:08:45;1
2026-04-24 04:46:54;0
2026-04-24 04:46:54;0
2026-04-24 05:08:44;0
2026-04-24 05:08:45;1
2026-04-24 05:42:54;1
2026-04-24 06:08:45;0
2026-04-24 06:08:45;1
2026-04-24 06:38:53;0
2026-04-24 06:45:59;1
2026-04-24 06:46:12;0
2026-04-24 06:46:12;0
2026-04-24 06:55:16;1
2026-04-24 06:55:16;1
2026-04-24 07:04:53;1
2026-04-24 07:08:45;0
2026-04-24 07:08:45;1
2026-04-24 07:14:09;0
2026-04-24 07:14:09;0
2026-04-24 07:14:10;1
2026-04-24 07:18:52;0
2026-04-24 07:18:53;1
2026-04-24 07:28:11;0
2026-04-24 07:28:11;0
2026-04-24 07:42:12;1
2026-04-24 07:46:50;0
2026-04-24 07:46:50;0
2026-04-24 07:56:23;1
2026-04-24 08:00:53;0
2026-04-24 08:05:29;1
2026-04-24 08:05:35;0
2026-04-24 08:08:45;0
2026-04-24 08:08:45;1
2026-04-24 08:10:26;1
2026-04-24 08:17:59;0
2026-04-24 08:27:22;1
2026-04-24 08:36:39;0
2026-04-24 08:36:45;1
2026-04-24 08:41:23;0
2026-04-24 08:46:00;1
2026-04-24 08:55:20;0
2026-04-24 09:02:58;0
2026-04-24 09:08:45;0
2026-04-24 09:08:45;1
2026-04-24 09:12:18;1
2026-04-24 09:31:02;0
2026-04-24 09:35:38;1
2026-04-24 09:40:14;0
2026-04-24 09:40:14;0
2026-04-24 09:44:55;1
2026-04-24 09:45:00;0
2026-04-24 09:45:00;0
2026-04-24 09:49:35;1
2026-04-24 09:49:35;0
2026-04-24 09:54:18;1
2026-04-24 09:58:55;0
2026-04-24 09:59:10;1
2026-04-24 10:03:37;0
2026-04-24 10:08:19;1
2026-04-24 10:08:44;0
2026-04-24 10:08:44;1
2026-04-24 10:12:55;0
2026-04-24 10:26:55;1
2026-04-24 10:36:14;0
2026-04-24 10:40:55;1
2026-04-24 10:40:55;1
2026-04-24 10:59:35;0
2026-04-24 10:59:53;1
2026-04-24 11:07:24;1
2026-04-24 11:08:45;0
2026-04-24 11:08:45;1
2026-04-24 11:16:04;0
2026-04-24 11:16:04;0
2026-04-24 11:21:00;1
2026-04-24 11:25:26;0
2026-04-24 11:30:10;1
2026-04-24 11:34:42;0
2026-04-24 11:34:42;0
2026-04-24 11:42:28;1
2026-04-24 11:42:28;1
2026-04-24 11:42:34;0
2026-04-24 11:51:29;1
2026-04-24 12:08:44;0
2026-04-24 12:08:44;1
2026-04-24 12:10:21;0
2026-04-24 12:14:47;1
2026-04-24 12:14:47;1
2026-04-24 12:15:03;0
2026-04-24 12:24:15;1
2026-04-24 12:30:43;1
2026-04-24 12:35:19;0
2026-04-24 12:39:58;1
2026-04-24 12:49:22;0
2026-04-24 12:49:29;1
2026-04-24 12:49:29;1
2026-04-24 12:53:59;0
2026-04-24 12:58:40;1
2026-04-24 12:58:52;0
2026-04-24 13:03:20;1
2026-04-24 13:03:32;0
2026-04-24 13:08:18;1
2026-04-24 13:08:18;1
2026-04-24 13:08:43;0
2026-04-24 13:08:44;1
2026-04-24 13:19:03;1
2026-04-24 13:19:12;0
2026-04-24 13:19:12;0
2026-04-24 13:29:01;1
2026-04-24 13:38:20;0
2026-04-24 13:38:20;1
2026-04-24 13:47:32;1
2026-04-24 13:47:48;0
2026-04-24 13:47:48;0
2026-04-24 13:59:14;0
2026-04-24 14:03:55;1
2026-04-24 14:03:55;1
2026-04-24 14:08:38;0
2026-04-24 14:08:44;0
2026-04-24 14:08:44;1
2026-04-24 14:13:14;1
2026-04-24 14:13:19;0
2026-04-24 14:17:57;1
2026-04-24 14:17:57;1
2026-04-24 14:18:06;0
2026-04-24 14:22:35;1
2026-04-24 14:22:35;1
2026-04-24 14:27:18;0
2026-04-24 14:31:55;1
2026-04-24 14:32:03;0
2026-04-24 14:36:34;1
2026-04-24 14:45:37;0
2026-04-24 14:45:50;1
2026-04-24 14:45:50;1
2026-04-24 15:04:19;0
2026-04-24 15:04:26;1
2026-04-24 15:08:43;0
2026-04-24 15:08:43;1
2026-04-24 15:09:00;0
2026-04-24 15:13:41;1
2026-04-24 15:21:11;0
2026-04-24 15:25:54;1
2026-04-24 15:35:12;0
2026-04-24 15:44:36;1
2026-04-24 15:58:34;0
2026-04-24 15:58:39;1
2026-04-24 16:08:02;0
2026-04-24 16:08:44;0
2026-04-24 16:08:45;1
2026-04-24 16:12:33;1
2026-04-24 16:17:16;0
2026-04-24 16:23:48;1
2026-04-24 16:28:28;0
2026-04-24 16:28:28;0
2026-04-24 16:28:28;1
2026-04-24 16:39:02;0
2026-04-24 16:39:02;0
2026-04-24 16:43:43;1
2026-04-24 16:43:44;0
2026-04-24 16:48:25;1
2026-04-24 16:48:25;1
2026-04-24 17:06:01;0
2026-04-24 17:06:07;1
2026-04-24 17:08:43;0
2026-04-24 17:08:43;1
2026-04-24 17:10:44;0
2026-04-24 17:10:44;0
2026-04-24 17:24:43;1
2026-04-24 17:24:43;1
2026-04-24 17:24:50;0
2026-04-24 17:24:50;0
2026-04-24 17:44:21;1
2026-04-24 17:44:27;0
2026-04-24 17:49:00;1
2026-04-24 18:08:44;0
2026-04-24 18:08:44;1
2026-04-24 18:12:22;0
2026-04-24 18:17:04;1
2026-04-24 18:26:21;0
2026-04-24 18:31:01;1
2026-04-24 18:31:15;0
2026-04-24 18:35:42;1
2026-04-24 18:45:02;0
2026-04-24 18:45:13;1
2026-04-24 18:54:45;0
2026-04-24 19:02:49;1
2026-04-24 19:07:28;0
2026-04-24 19:07:28;0
2026-04-24 19:08:43;0
2026-04-24 19:08:44;1
2026-04-24 19:21:41;1
2026-04-24 19:32:53;1
2026-04-24 19:32:53;1
2026-04-24 19:41:51;1
2026-04-24 19:41:51;1
2026-04-24 19:41:59;0
2026-04-24 19:46:29;1
2026-04-24 19:46:35;0
2026-04-24 19:55:53;1
2026-04-24 20:05:13;0
2026-04-24 20:08:43;0
2026-04-24 20:08:44;1
2026-04-24 20:09:53;1
2026-04-24 20:16:29;1
2026-04-24 20:16:29;1
2026-04-24 20:25:50;0
2026-04-24 20:30:32;1
2026-04-24 20:30:32;1
2026-04-24 20:39:50;0
2026-04-24 20:44:30;1
2026-04-24 20:49:12;0
2026-04-24 20:53:47;1
2026-04-24 21:08:44;0
2026-04-24 21:08:44;1
2026-04-24 21:26:56;1
2026-04-24 21:36:12;0
2026-04-24 21:40:55;1
2026-04-24 21:40:55;1
2026-04-24 21:45:33;0
2026-04-24 21:50:19;1
2026-04-24 21:50:19;1
2026-04-24 22:08:44;0
2026-04-24 22:08:44;1
2026-04-24 22:13:33;0
2026-04-24 22:23:33;0
2026-04-24 22:23:47;1
2026-04-24 22:32:53;0
2026-04-24 22:46:51;1
2026-04-24 23:00:56;0
2026-04-24 23:08:43;0
2026-04-24 23:08:43;1
2026-04-24 23:21:50;0
2026-04-24 23:49:50;1
2026-04-25 00:08:43;0
2026-04-25 00:08:43;1
2026-04-25 01:08:43;0
2026-04-25 01:08:43;1
2026-04-25 01:09:09;0
2026-04-25 01:41:54;1
2026-04-25 02:08:43;0
2026-04-25 02:08:43;1
2026-04-25 02:19:28;0
2026-04-25 02:19:28;0
2026-04-25 02:23:49;1
2026-04-25 03:08:43;0
2026-04-25 03:08:43;1
2026-04-25 04:08:44;0
2026-04-25 04:08:44;1
2026-04-25 05:08:43;0
2026-04-25 05:08:43;1
2026-04-25 06:08:43;0
2026-04-25 06:08:43;1
2026-04-25 06:12:47;0
2026-04-25 06:17:13;1
2026-04-25 06:26:30;0
2026-04-25 06:31:14;1
2026-04-25 07:08:43;0
2026-04-25 07:08:43;1
2026-04-25 07:59:50;0
2026-04-25 07:59:50;0
2026-04-25 08:04:31;1
2026-04-25 08:04:31;1
2026-04-25 08:08:43;0
2026-04-25 08:08:43;1
2026-04-25 08:37:11;0
2026-04-25 09:00:32;1
2026-04-25 09:08:42;0
2026-04-25 09:08:42;1
2026-04-25 09:09:15;0
2026-04-25 09:18:35;1
2026-04-25 09:37:13;0
2026-04-25 10:00:36;1
2026-04-25 10:00:45;0
2026-04-25 10:05:15;1
2026-04-25 10:05:15;0
2026-04-25 10:08:42;0
2026-04-25 10:08:42;1
2026-04-25 10:09:53;1
2026-04-25 10:19:13;0
2026-04-25 10:23:55;1
2026-04-25 10:28:35;0
2026-04-25 11:01:16;1
2026-04-25 11:01:16;1
2026-04-25 11:08:43;0
2026-04-25 11:08:43;1
2026-04-25 11:10:36;0
2026-04-25 11:10:36;0
2026-04-25 11:19:53;1
2026-04-25 12:01:55;0
2026-04-25 12:06:36;1
2026-04-25 12:08:43;0
2026-04-25 12:08:43;1
2026-04-25 12:11:17;0
2026-04-25 12:11:26;1
2026-04-25 12:15:54;0
2026-04-25 12:25:16;1
2026-04-25 12:29:56;0
2026-04-25 12:34:36;1
2026-04-25 12:34:45;0
2026-04-25 12:53:14;1
2026-04-25 12:57:53;0
2026-04-25 12:57:53;0
2026-04-25 12:58:07;1
2026-04-25 13:08:42;0
2026-04-25 13:08:42;1
2026-04-25 13:11:54;0
2026-04-25 13:12:12;1
2026-04-25 13:25:56;0
2026-04-25 13:35:12;1
2026-04-25 13:40:11;0
2026-04-25 13:53:53;1
2026-04-25 13:53:53;1
2026-04-25 14:03:15;0
2026-04-25 14:03:24;1
2026-04-25 14:08:43;0
2026-04-25 14:08:43;1
2026-04-25 14:17:15;0
2026-04-25 14:21:54;1
2026-04-25 14:35:54;0
2026-04-25 14:40:36;1
2026-04-25 14:47:19;1
2026-04-25 14:47:24;0
2026-04-25 14:52:00;1
2026-04-25 14:52:00;0
2026-04-25 14:56:41;1
2026-04-25 15:06:23;1
2026-04-25 15:06:23;1
2026-04-25 15:08:42;0
2026-04-25 15:08:42;1
2026-04-25 15:11:10;0
2026-04-25 15:15:43;1
2026-04-25 15:25:04;0
2026-04-25 15:29:42;1
2026-04-25 15:53:05;0
2026-04-25 15:53:05;1
2026-04-25 16:07:04;0
2026-04-25 16:08:42;0
2026-04-25 16:08:42;1
2026-04-25 16:11:42;1
2026-04-25 16:24:06;0
2026-04-25 16:24:22;1
2026-04-25 17:06:06;0
2026-04-25 17:08:42;0
2026-04-25 17:08:42;1
2026-04-25 17:10:48;1
2026-04-25 17:15:38;0
2026-04-25 17:20:12;1
2026-04-25 17:43:25;0
2026-04-25 17:43:39;1
2026-04-25 17:43:39;1
2026-04-25 17:48:06;0
2026-04-25 17:57:26;1
2026-04-25 17:57:26;1
2026-04-25 18:08:42;0
2026-04-25 18:08:42;1
2026-04-25 18:18:10;1
2026-04-25 18:18:10;1
2026-04-25 18:49:08;0
2026-04-25 18:49:08;0
2026-04-25 18:53:47;1
2026-04-25 19:03:06;0
2026-04-25 19:03:07;1
2026-04-25 19:07:47;0
2026-04-25 19:08:42;0
2026-04-25 19:08:42;1
2026-04-25 19:21:45;1
2026-04-25 19:26:26;0
2026-04-25 19:31:12;1
2026-04-25 19:45:16;0
2026-04-25 19:54:43;1
2026-04-25 19:59:07;0
2026-04-25 20:03:58;1
2026-04-25 20:08:30;0
2026-04-25 20:08:41;0
2026-04-25 20:08:41;1
2026-04-25 20:16:04;1
2026-04-25 20:30:03;0
2026-04-25 20:30:03;0
2026-04-25 20:30:03;1
2026-04-25 20:39:20;0
2026-04-25 20:50:42;1
2026-04-25 20:50:42;1
2026-04-25 21:08:42;0
2026-04-25 21:08:42;1
2026-04-25 21:17:07;1
2026-04-25 21:21:45;0
2026-04-25 21:40:24;1
2026-04-25 21:59:06;0
2026-04-25 22:08:42;0
2026-04-25 22:08:42;1
2026-04-25 22:12:48;0
2026-04-25 22:12:48;0
2026-04-25 22:17:27;1
2026-04-25 22:17:27;1
2026-04-25 22:31:41;0
2026-04-25 22:36:08;1
2026-04-25 22:36:14;0
2026-04-25 22:54:49;0
2026-04-25 23:04:07;1
2026-04-25 23:08:42;0
2026-04-25 23:08:42;1
2026-04-25 23:13:26;0
2026-04-25 23:55:27;1
2026-04-26 00:05:13;1
2026-04-26 00:08:42;0
2026-04-26 00:08:42;1
2026-04-26 00:19:39;1
2026-04-26 00:19:39;1
2026-04-26 00:34:10;1
2026-04-26 00:43:49;1
2026-04-26 00:43:49;1
2026-04-26 00:57:52;0
2026-04-26 01:08:41;0
2026-04-26 01:08:42;1
2026-04-26 01:39:48;1
2026-04-26 02:01:35;1
2026-04-26 02:01:35;1
2026-04-26 02:08:42;0
2026-04-26 02:08:42;1
2026-04-26 02:43:36;0
2026-04-26 03:02:12;1
2026-04-26 03:08:40;0
2026-04-26 03:08:41;1
2026-04-26 03:29:23;1
2026-04-26 03:29:23;1
2026-04-26 05:08:41;0
2026-04-26 05:08:41;1
2026-04-26 06:08:41;0
2026-04-26 06:08:41;1
2026-04-26 06:30:45;1
2026-04-26 07:26:41;0
2026-04-26 07:45:29;1
2026-04-26 08:08:41;0
2026-04-26 08:08:41;1
2026-04-26 08:59:00;1
2026-04-26 09:08:41;0
2026-04-26 09:08:41;1
2026-04-26 09:59:39;0
2026-04-26 10:08:41;0
2026-04-26 10:08:41;1
2026-04-26 10:27:48;0
2026-04-26 10:27:48;0
2026-04-26 11:08:41;0
2026-04-26 11:08:41;1
2026-04-26 11:09:45;1
2026-04-26 11:19:04;0
2026-04-26 11:33:07;1
2026-04-26 11:56:24;0
2026-04-26 12:08:41;0
2026-04-26 12:08:41;1
2026-04-26 12:19:44;1
2026-04-26 12:19:44;1
2026-04-26 12:42:18;0
2026-04-26 12:46:58;1
2026-04-26 12:54:01;1
2026-04-26 13:03:06;1
2026-04-26 13:03:06;1
2026-04-26 13:08:40;0
2026-04-26 13:08:40;1
2026-04-26 13:12:01;0
2026-04-26 13:32:01;0
2026-04-26 13:46:01;1
2026-04-26 13:55:20;0
2026-04-26 14:08:41;0
2026-04-26 14:08:41;1
2026-04-26 14:09:24;1
2026-04-26 14:14:03;0
2026-04-26 14:14:03;0
2026-04-26 14:37:28;1
2026-04-26 14:46:45;0
2026-04-26 15:08:41;0
2026-04-26 15:08:41;1
2026-04-26 15:24:11;1
2026-04-26 15:47:30;0
2026-04-26 15:52:06;1
2026-04-26 16:03:50;1
2026-04-26 16:08:40;0
2026-04-26 16:08:41;1
2026-04-26 16:13:12;0
2026-04-26 16:17:49;1
2026-04-26 16:27:11;0
2026-04-26 16:27:11;0
2026-04-26 16:36:31;1
2026-04-26 16:50:29;0
2026-04-26 16:55:08;1
2026-04-26 16:59:51;0
2026-04-26 17:04:27;1
2026-04-26 17:08:40;0
2026-04-26 17:08:40;1
2026-04-26 17:13:48;0
2026-04-26 17:18:27;1
2026-04-26 17:27:48;0
2026-04-26 17:32:30;1
2026-04-26 17:37:10;0
2026-04-26 17:41:47;1
2026-04-26 17:51:47;1
2026-04-26 18:00:50;0
2026-04-26 18:00:50;0
2026-04-26 18:08:40;0
2026-04-26 18:08:40;1
2026-04-26 18:19:30;1
2026-04-26 18:19:30;1
2026-04-26 18:28:49;0
2026-04-26 18:28:49;0
2026-04-26 18:33:30;1
2026-04-26 18:33:31;0
2026-04-26 18:42:46;1
2026-04-26 18:47:28;0
2026-04-26 18:52:21;1
2026-04-26 18:56:46;0
2026-04-26 18:56:46;0
2026-04-26 19:01:26;1
2026-04-26 19:06:07;0
2026-04-26 19:08:41;0
2026-04-26 19:08:41;1
2026-04-26 19:15:48;1
2026-04-26 19:57:50;0
2026-04-26 19:57:50;0
2026-04-26 19:57:50;1
2026-04-26 20:08:41;0
2026-04-26 20:08:41;1
2026-04-26 20:11:47;0
2026-04-26 20:37:12;1
2026-04-26 20:55:54;0
2026-04-26 21:08:40;0
2026-04-26 21:08:40;1
2026-04-26 21:09:50;1
2026-04-26 21:26:59;0
2026-04-26 21:36:14;1
2026-04-26 21:36:14;1
2026-04-26 21:50:15;0
2026-04-26 21:54:58;1
2026-04-26 22:06:10;1
2026-04-26 22:08:40;0
2026-04-26 22:08:40;1
2026-04-26 22:16:05;1
2026-04-26 22:25:02;1
2026-04-26 22:45:38;1
2026-04-26 22:52:48;1
2026-04-26 23:08:09;1
2026-04-26 23:08:40;0
2026-04-26 23:08:40;1
2026-04-26 23:27:15;1
2026-04-26 23:58:06;1
2026-04-27 00:08:39;0
2026-04-27 00:08:40;1
2026-04-27 00:41:45;1
2026-04-27 01:08:40;0
2026-04-27 01:08:40;1
2026-04-27 02:07:41;1
2026-04-27 02:08:40;0
2026-04-27 02:08:40;1
2026-04-27 03:08:39;0
2026-04-27 03:08:39;1
2026-04-27 04:08:40;0
2026-04-27 04:08:40;1
2026-04-27 04:46:24;0
2026-04-27 04:51:05;1
2026-04-27 04:51:05;1
2026-04-27 04:55:44;0
2026-04-27 05:08:39;0
2026-04-27 05:08:39;1
2026-04-27 06:08:40;0
2026-04-27 06:08:40;1
2026-04-27 06:15:05;1
2026-04-27 06:25:05;1
2026-04-27 06:43:45;0
2026-04-27 06:48:26;1
2026-04-27 07:02:24;0
2026-04-27 07:02:31;1
2026-04-27 07:07:07;0
2026-04-27 07:08:40;0
2026-04-27 07:08:40;1
2026-04-27 07:11:45;1
2026-04-27 07:35:05;0
2026-04-27 07:44:42;1
2026-04-27 07:53:50;0
2026-04-27 07:53:50;0
2026-04-27 08:07:44;1
2026-04-27 08:08:40;0
2026-04-27 08:08:40;1
2026-04-27 08:12:25;0
2026-04-27 08:20:25;1
2026-04-27 08:20:25;1
2026-04-27 08:39:04;0
2026-04-27 08:39:11;1
2026-04-27 08:39:11;1
2026-04-27 08:43:44;0
2026-04-27 08:53:04;1
2026-04-27 08:53:04;1
2026-04-27 09:02:26;0
2026-04-27 09:02:35;1
2026-04-27 09:08:39;0
2026-04-27 09:08:39;1
2026-04-27 09:09:46;1
2026-04-27 09:23:50;0
2026-04-27 09:28:25;1
2026-04-27 09:37:03;1
2026-04-27 09:41:43;0
2026-04-27 09:41:50;1
2026-04-27 09:41:50;1
2026-04-27 09:46:34;0
2026-04-27 09:55:42;1
2026-04-27 10:08:40;0
2026-04-27 10:08:40;1
2026-04-27 10:19:12;0
2026-04-27 10:28:27;1
2026-04-27 10:33:06;0
2026-04-27 10:33:20;1
2026-04-27 10:42:23;0
2026-04-27 10:42:37;1
2026-04-27 10:47:03;0
2026-04-27 10:47:03;0
2026-04-27 10:47:10;1
2026-04-27 10:47:10;1
2026-04-27 11:08:39;0
2026-04-27 11:08:39;1
2026-04-27 11:10:38;0
2026-04-27 11:23:13;1
2026-04-27 11:23:13;1
2026-04-27 11:32:13;0
2026-04-27 11:36:52;1
2026-04-27 11:37:05;0
2026-04-27 11:41:31;1
2026-04-27 11:41:31;1
2026-04-27 11:50:51;0
2026-04-27 11:51:09;1
2026-04-27 11:55:31;0
2026-04-27 11:55:31;1
2026-04-27 12:08:39;0
2026-04-27 12:08:39;1
2026-04-27 12:09:35;0
2026-04-27 12:09:35;0
2026-04-27 12:09:35;1
2026-04-27 12:22:16;0
2026-04-27 12:22:16;0
2026-04-27 12:22:33;1
2026-04-27 12:31:35;0
2026-04-27 12:38:34;1
2026-04-27 12:38:52;0
2026-04-27 12:43:14;1
2026-04-27 12:43:14;1
2026-04-27 12:51:16;1
2026-04-27 13:06:39;0
2026-04-27 13:08:39;0
2026-04-27 13:08:39;1
2026-04-27 13:16:00;1
2026-04-27 13:30:09;0
2026-04-27 13:34:44;1
2026-04-27 13:34:44;1
2026-04-27 13:34:54;0
2026-04-27 13:34:54;0
2026-04-27 13:39:21;1
2026-04-27 13:57:58;0
2026-04-27 13:58:15;1
2026-04-27 14:02:37;0
2026-04-27 14:02:37;0
2026-04-27 14:08:39;0
2026-04-27 14:08:39;1
2026-04-27 14:11:57;1
2026-04-27 14:11:57;1
2026-04-27 14:12:04;0
2026-04-27 14:16:40;1
2026-04-27 14:21:20;0
2026-04-27 14:21:20;1
2026-04-27 14:35:29;0
2026-04-27 14:44:40;1
2026-04-27 14:49:16;0
2026-04-27 14:53:56;1
2026-04-27 14:54:03;0
2026-04-27 14:54:03;0
2026-04-27 15:03:19;1
2026-04-27 15:03:19;1
2026-04-27 15:08:38;0
2026-04-27 15:08:38;1
2026-04-27 15:12:54;0
2026-04-27 15:17:20;1
2026-04-27 15:21:59;0
2026-04-27 15:26:37;1
2026-04-27 15:31:19;0
2026-04-27 15:31:19;0
2026-04-27 15:31:19;1
2026-04-27 15:38:38;1
2026-04-27 15:43:16;0
2026-04-27 15:47:59;1
2026-04-27 15:52:52;0
2026-04-27 15:57:17;1
2026-04-27 16:06:39;0
2026-04-27 16:06:49;1
2026-04-27 16:08:39;0
2026-04-27 16:08:39;1
2026-04-27 16:11:18;0
2026-04-27 16:15:56;1
2026-04-27 16:23:21;0
2026-04-27 16:27:59;1
2026-04-27 16:27:59;1
2026-04-27 16:32:39;0
2026-04-27 16:32:53;1
2026-04-27 16:42:10;0
2026-04-27 16:51:34;1
2026-04-27 16:58:01;0
2026-04-27 16:58:16;1
2026-04-27 17:02:42;0
2026-04-27 17:02:42;1
2026-04-27 17:08:39;0
2026-04-27 17:08:39;1
2026-04-27 17:09:15;1
2026-04-27 17:13:57;0
2026-04-27 17:14:05;1
2026-04-27 17:18:36;0
2026-04-27 17:18:51;1
2026-04-27 17:28:16;1
2026-04-27 17:28:16;0
2026-04-27 17:37:38;1
2026-04-27 17:47:07;0
2026-04-27 17:51:35;1
2026-04-27 17:56:18;0
2026-04-27 18:05:47;1
2026-04-27 18:08:38;0
2026-04-27 18:08:38;1
2026-04-27 18:14:57;0
2026-04-27 18:14:57;0
2026-04-27 18:19:41;1
2026-04-27 18:28:17;1
2026-04-27 18:32:57;0
2026-04-27 18:52:41;1
2026-04-27 19:06:47;0
2026-04-27 19:08:40;0
2026-04-27 19:08:40;1
2026-04-27 19:11:20;1
2026-04-27 19:25:27;0
2026-04-27 19:44:02;1
2026-04-27 19:53:02;1
2026-04-27 19:57:38;0
2026-04-27 20:02:17;1
2026-04-27 20:07:00;0
2026-04-27 20:08:39;0
2026-04-27 20:08:39;1
2026-04-27 20:11:40;1
2026-04-27 20:21:01;0
2026-04-27 20:25:41;1
2026-04-27 20:25:41;1
2026-04-27 20:30:20;0
2026-04-27 20:30:36;1
2026-04-27 20:42:18;1
2026-04-27 21:08:38;0
2026-04-27 21:08:38;1
2026-04-27 21:14:59;0
2026-04-27 21:21:33;1
2026-04-27 21:37:54;1
2026-04-27 21:42:33;0
2026-04-27 21:42:34;1
2026-04-27 21:50:29;1
2026-04-27 21:50:29;1
2026-04-27 22:02:17;1
2026-04-27 22:02:17;1
2026-04-27 22:06:54;0
2026-04-27 22:06:54;0
2026-04-27 22:06:54;1
2026-04-27 22:06:54;1
2026-04-27 22:08:38;0
2026-04-27 22:08:38;1
2026-04-27 22:23:51;1
2026-04-27 22:40:11;1
2026-04-27 22:54:12;0
2026-04-27 22:58:51;1
2026-04-27 23:03:32;0
2026-04-27 23:03:32;0
2026-04-27 23:08:38;0
2026-04-27 23:08:38;1
2026-04-27 23:38:31;1
2026-04-27 23:38:31;1
2026-04-28 00:02:09;1
2026-04-28 00:08:39;0
2026-04-28 00:08:39;1
2026-04-28 00:33:11;1
2026-04-28 00:33:11;1
2026-04-28 01:04:52;1
2026-04-28 01:08:38;0
2026-04-28 01:08:38;1
2026-04-28 01:13:24;1
2026-04-28 04:08:39;0
2026-04-28 04:08:39;1
2026-04-28 04:28:24;1
2026-04-28 04:47:02;0
2026-04-28 04:47:02;0
2026-04-28 05:01:04;1
2026-04-28 05:01:18;0
2026-04-28 05:08:38;0
2026-04-28 05:08:38;1
2026-04-28 05:10:31;1
2026-04-28 05:10:31;1
2026-04-28 05:15:02;0
2026-04-28 05:29:01;1
2026-04-28 05:29:01;0
2026-04-28 05:36:03;0
2026-04-28 06:08:38;0
2026-04-28 06:08:38;1
2026-04-28 06:50:53;1
2026-04-28 06:55:22;0
2026-04-28 06:55:36;1
2026-04-28 06:55:36;1
2026-04-28 07:08:38;0
2026-04-28 07:08:38;1
2026-04-28 07:18:41;0
2026-04-28 07:23:23;1
2026-04-28 07:23:23;1
2026-04-28 07:28:03;0
2026-04-28 07:46:45;1
2026-04-28 07:46:45;1
2026-04-28 07:46:59;0
2026-04-28 07:51:20;1
2026-04-28 07:51:29;0
2026-04-28 08:08:04;0
2026-04-28 08:08:38;0
2026-04-28 08:08:38;1
2026-04-28 08:18:39;0
2026-04-28 08:23:19;1
2026-04-28 08:23:19;1
2026-04-28 08:38:02;0
2026-04-28 08:42:36;1
2026-04-28 08:47:08;0
2026-04-28 08:47:08;0
2026-04-28 08:51:50;1
2026-04-28 09:08:38;0
2026-04-28 09:08:38;1
2026-04-28 09:10:29;0
2026-04-28 09:19:53;1
2026-04-28 09:24:33;0
2026-04-28 09:24:33;0
2026-04-28 09:29:07;1
2026-04-28 09:37:07;1
2026-04-28 09:46:28;0
2026-04-28 09:46:28;0
2026-04-28 09:51:09;1
2026-04-28 10:00:26;0
2026-04-28 10:08:37;0
2026-04-28 10:08:37;1
2026-04-28 10:09:47;1
2026-04-28 10:18:12;1
2026-04-28 10:27:32;0
2026-04-28 10:27:32;0
2026-04-28 10:36:49;1
2026-04-28 10:36:49;1
2026-04-28 10:46:13;0
2026-04-28 10:50:53;1
2026-04-28 10:50:53;1
2026-04-28 11:08:37;0
2026-04-28 11:08:37;1
2026-04-28 11:09:34;0
2026-04-28 11:14:09;1
2026-04-28 11:21:14;1
2026-04-28 11:25:55;0
2026-04-28 11:35:15;1
2026-04-28 11:39:57;0
2026-04-28 11:44:37;1
2026-04-28 11:44:37;1
2026-04-28 11:49:17;0
2026-04-28 11:49:17;0
2026-04-28 11:53:57;1
2026-04-28 11:54:10;0
2026-04-28 11:58:33;1
2026-04-28 11:58:41;0
2026-04-28 12:03:13;1
2026-04-28 12:07:55;0
2026-04-28 12:08:02;1
2026-04-28 12:08:38;0
2026-04-28 12:08:38;1
2026-04-28 12:12:49;0
2026-04-28 12:12:49;0
2026-04-28 12:17:14;1
2026-04-28 12:25:43;0
2026-04-28 12:30:22;1
2026-04-28 12:39:39;0
2026-04-28 12:39:39;0
2026-04-28 12:44:21;1
2026-04-28 12:44:39;0
2026-04-28 12:49:04;1
2026-04-28 12:49:10;0
2026-04-28 12:49:10;0
2026-04-28 12:58:24;1
2026-04-28 13:03:03;0
2026-04-28 13:07:51;1
2026-04-28 13:08:37;0
2026-04-28 13:08:37;1
2026-04-28 13:12:22;0
2026-04-28 13:21:40;1
2026-04-28 13:21:40;1
2026-04-28 13:26:22;0
2026-04-28 13:35:44;1
2026-04-28 13:35:44;1
2026-04-28 13:35:55;0
2026-04-28 13:40:24;1
2026-04-28 13:40:24;1
2026-04-28 13:54:23;0
2026-04-28 13:59:04;1
2026-04-28 14:03:52;0
2026-04-28 14:08:37;0
2026-04-28 14:08:37;1
2026-04-28 14:13:04;1
2026-04-28 14:17:41;0
2026-04-28 14:22:20;1
2026-04-28 14:51:03;0
2026-04-28 14:55:42;1
2026-04-28 15:00:24;0
2026-04-28 15:05:13;1
2026-04-28 15:05:13;1
2026-04-28 15:08:36;0
2026-04-28 15:08:36;1
2026-04-28 15:09:54;0
2026-04-28 15:09:54;0
2026-04-28 15:14:27;1
2026-04-28 15:25:46;1
2026-04-28 15:34:42;0
2026-04-28 15:39:22;1
2026-04-28 15:47:20;1
2026-04-28 15:47:20;1
2026-04-28 15:52:03;0
2026-04-28 15:52:04;1
2026-04-28 16:01:20;0
2026-04-28 16:01:20;1
2026-04-28 16:08:37;0
2026-04-28 16:08:37;1
2026-04-28 16:10:43;1
2026-04-28 16:21:22;0
2026-04-28 16:31:17;0
2026-04-28 16:40:35;1
2026-04-28 16:40:51;0
2026-04-28 16:50:19;0
2026-04-28 16:50:36;1
2026-04-28 16:59:51;0
2026-04-28 17:04:27;1
2026-04-28 17:04:27;1
2026-04-28 17:08:37;0
2026-04-28 17:08:37;1
2026-04-28 17:13:38;0
2026-04-28 17:13:39;1
2026-04-28 17:18:21;0
2026-04-28 17:18:30;1
2026-04-28 17:18:30;1
2026-04-28 17:27:49;0
2026-04-28 17:32:21;1
2026-04-28 17:36:58;0
2026-04-28 17:36:59;1
2026-04-28 17:41:50;0
2026-04-28 17:46:33;1
2026-04-28 17:50:58;0
2026-04-28 17:55:53;1
2026-04-28 18:05:07;0
2026-04-28 18:08:37;0
2026-04-28 18:08:37;1
2026-04-28 18:14:18;1
2026-04-28 18:18:57;0
2026-04-28 18:18:57;0
2026-04-28 18:33:02;1
2026-04-28 18:37:46;0
2026-04-28 18:56:19;1
2026-04-28 18:56:19;1
2026-04-28 19:05:39;0
2026-04-28 19:05:46;1
2026-04-28 19:08:37;0
2026-04-28 19:08:37;1
2026-04-28 19:10:21;0
2026-04-28 19:24:17;1
2026-04-28 19:28:59;0
2026-04-28 19:56:59;1
2026-04-28 20:05:26;1
2026-04-28 20:08:37;0
2026-04-28 20:08:37;1
2026-04-28 20:28:43;0
2026-04-28 20:33:23;1
2026-04-28 20:38:14;0
2026-04-28 20:42:41;1
2026-04-28 21:01:25;0
2026-04-28 21:06:02;1
2026-04-28 21:06:02;1
2026-04-28 21:08:37;0
2026-04-28 21:08:38;1
2026-04-28 21:34:06;0
2026-04-28 21:38:47;1
2026-04-28 21:52:42;0
2026-04-28 21:57:22;1
2026-04-28 22:06:48;0
2026-04-28 22:08:37;0
2026-04-28 22:08:37;1
2026-04-28 22:11:24;1
2026-04-28 22:11:24;1
2026-04-28 22:42:50;1
2026-04-28 22:52:18;0
2026-04-28 22:56:54;1
2026-04-28 23:06:12;0
2026-04-28 23:08:36;0
2026-04-28 23:08:36;1
2026-04-29 00:08:36;0
2026-04-29 00:08:36;1
2026-04-29 00:44:12;1
2026-04-29 01:08:37;0
2026-04-29 01:08:37;1
2026-04-29 04:08:37;0
2026-04-29 04:08:37;1
2026-04-29 04:51:30;0
2026-04-29 05:08:36;0
2026-04-29 05:08:36;1
2026-04-29 05:47:37;1
2026-04-29 06:08:36;0
2026-04-29 06:08:36;1
2026-04-29 06:10:01;1
2026-04-29 06:10:01;1
2026-04-29 06:42:42;0
2026-04-29 06:56:42;1
2026-04-29 07:01:22;0
2026-04-29 07:01:22;0
2026-04-29 07:08:36;0
2026-04-29 07:08:36;1
2026-04-29 07:20:01;1
2026-04-29 07:38:39;0
2026-04-29 07:57:26;1
2026-04-29 08:01:59;0
2026-04-29 08:06:41;1
2026-04-29 08:06:50;0
2026-04-29 08:08:37;0
2026-04-29 08:08:37;1
2026-04-29 08:20:40;1
2026-04-29 08:20:54;0
2026-04-29 08:28:39;1
2026-04-29 08:38:35;1
2026-04-29 08:38:35;1
2026-04-29 08:38:50;0
2026-04-29 08:43:21;1
2026-04-29 08:57:37;1
2026-04-29 08:57:37;1
2026-04-29 09:07:05;0
2026-04-29 09:08:36;0
2026-04-29 09:08:36;1
2026-04-29 09:16:19;1
2026-04-29 09:16:33;0
2026-04-29 09:39:37;1
2026-04-29 09:39:37;1
2026-04-29 09:44:17;0
2026-04-29 09:49:04;1
2026-04-29 09:53:35;0
2026-04-29 10:07:38;1
2026-04-29 10:07:52;0
2026-04-29 10:08:36;0
2026-04-29 10:08:36;1
2026-04-29 10:36:08;1
2026-04-29 10:45:59;1
2026-04-29 10:55:16;0
2026-04-29 11:02:16;0
2026-04-29 11:08:36;0
2026-04-29 11:08:36;1
2026-04-29 11:11:36;1
2026-04-29 11:25:02;1
2026-04-29 11:35:40;1
2026-04-29 11:54:21;0
2026-04-29 11:54:21;0
2026-04-29 11:54:22;1
2026-04-29 11:58:58;0
2026-04-29 11:59:13;1
2026-04-29 11:59:13;1
2026-04-29 12:08:36;0
2026-04-29 12:08:36;1
2026-04-29 12:13:10;0
2026-04-29 12:17:39;1
2026-04-29 12:17:40;0
2026-04-29 12:31:26;1
2026-04-29 12:31:36;0
2026-04-29 12:40:46;1
2026-04-29 12:45:23;0
2026-04-29 12:45:32;1
2026-04-29 12:59:30;0
2026-04-29 13:04:16;1
2026-04-29 13:08:35;0
2026-04-29 13:08:35;1
2026-04-29 13:08:40;0
2026-04-29 13:08:40;0
2026-04-29 13:08:48;1
2026-04-29 13:08:48;1
2026-04-29 13:13:21;0
2026-04-29 13:13:21;0
2026-04-29 13:27:24;1
2026-04-29 13:36:44;0
2026-04-29 13:41:22;1
2026-04-29 13:46:02;0
2026-04-29 13:46:11;1
2026-04-29 13:55:26;0
2026-04-29 14:00:02;1
2026-04-29 14:08:36;0
2026-04-29 14:08:36;1
2026-04-29 14:09:21;0
2026-04-29 14:14:10;1
2026-04-29 14:18:43;0
2026-04-29 14:23:24;1
2026-04-29 14:28:03;0
2026-04-29 14:32:45;1
2026-04-29 14:32:59;0
2026-04-29 14:37:32;1
2026-04-29 14:42:05;0
2026-04-29 14:42:18;1
2026-04-29 14:46:41;0
2026-04-29 14:51:22;1
2026-04-29 14:51:22;0
2026-04-29 14:51:22;0
2026-04-29 14:56:02;1
2026-04-29 14:56:02;0
2026-04-29 15:04:20;1
2026-04-29 15:08:36;0
2026-04-29 15:08:36;1
2026-04-29 15:08:55;0
2026-04-29 15:09:01;1
2026-04-29 15:13:35;0
2026-04-29 15:13:43;1
2026-04-29 15:18:35;0
2026-04-29 15:23:14;1
2026-04-29 15:27:40;0
2026-04-29 15:27:49;1
2026-04-29 15:32:29;0
2026-04-29 15:38:57;1
2026-04-29 15:43:34;0
2026-04-29 15:43:52;1
2026-04-29 15:48:33;0
2026-04-29 15:53:06;1
2026-04-29 15:57:50;0
2026-04-29 16:02:19;1
2026-04-29 16:02:19;0
2026-04-29 16:02:19;0
2026-04-29 16:06:54;1
2026-04-29 16:06:54;1
2026-04-29 16:08:36;0
2026-04-29 16:08:36;1
2026-04-29 16:24:37;0
2026-04-29 16:29:16;1
2026-04-29 16:29:17;0
2026-04-29 16:33:56;1
2026-04-29 16:43:15;0
2026-04-29 16:43:24;1
2026-04-29 16:51:00;1
2026-04-29 16:51:00;1
2026-04-29 16:55:51;0
2026-04-29 17:00:21;1
2026-04-29 17:00:21;0
2026-04-29 17:00:21;0
2026-04-29 17:05:01;1
2026-04-29 17:08:35;0
2026-04-29 17:08:35;1
2026-04-29 17:09:38;0
2026-04-29 17:14:30;1
2026-04-29 17:18:58;0
2026-04-29 17:19:17;1
2026-04-29 17:23:40;0
2026-04-29 17:23:40;1
2026-04-29 17:28:22;0
2026-04-29 17:28:22;1
2026-04-29 17:32:59;0
2026-04-29 17:37:37;1
2026-04-29 17:56:21;0
2026-04-29 18:05:38;1
2026-04-29 18:08:34;0
2026-04-29 18:08:34;1
2026-04-29 18:10:17;0
2026-04-29 18:10:17;0
2026-04-29 18:10:26;1
2026-04-29 18:28:59;0
2026-04-29 18:29:14;1
2026-04-29 18:37:07;1
2026-04-29 18:41:47;0
2026-04-29 18:46:34;1
2026-04-29 18:51:08;0
2026-04-29 19:01:31;1
2026-04-29 19:06:09;0
2026-04-29 19:08:36;0
2026-04-29 19:08:36;1
2026-04-29 19:10:53;1
2026-04-29 19:15:32;0
2026-04-29 19:15:32;0
2026-04-29 19:20:10;1
2026-04-29 19:20:10;1
2026-04-29 19:24:52;0
2026-04-29 19:24:52;0
2026-04-29 19:29:31;1
2026-04-29 19:34:16;0
2026-04-29 19:38:53;1
2026-04-29 19:43:32;0
2026-04-29 19:48:14;1
2026-04-29 19:48:14;0
2026-04-29 19:52:50;1
2026-04-29 20:02:09;0
2026-04-29 20:06:53;1
2026-04-29 20:08:35;0
2026-04-29 20:08:35;1
2026-04-29 20:11:32;0
2026-04-29 20:16:22;1
2026-04-29 20:20:49;0
2026-04-29 20:25:30;1
2026-04-29 20:30:15;0
2026-04-29 20:34:53;1
2026-04-29 20:35:04;0
2026-04-29 20:39:30;1
2026-04-29 21:06:57;0
2026-04-29 21:07:04;1
2026-04-29 21:07:04;1
2026-04-29 21:08:35;0
2026-04-29 21:08:35;1
2026-04-29 21:20:32;1
2026-04-29 21:47:50;0
2026-04-29 21:52:31;1
2026-04-29 22:06:31;0
2026-04-29 22:06:31;1
2026-04-29 22:08:35;0
2026-04-29 22:08:35;1
2026-04-29 22:15:52;0
2026-04-29 22:16:01;1
2026-04-29 22:39:09;0
2026-04-29 22:48:29;1
2026-04-29 22:48:29;1
2026-04-29 22:55:31;1
2026-04-29 23:08:35;0
2026-04-29 23:08:35;1
2026-04-29 23:16:24;1
2026-04-29 23:38:11;1
2026-04-30 00:08:35;0
2026-04-30 00:08:35;1
2026-04-30 01:08:35;0
2026-04-30 01:08:35;1
2026-04-30 01:09:39;1
2026-04-30 03:08:34;0
2026-04-30 03:08:34;1
2026-04-30 03:47:11;1
2026-04-30 04:08:34;0
2026-04-30 04:08:34;1
2026-04-30 04:47:51;0
2026-04-30 04:47:51;0
2026-04-30 05:08:34;0
2026-04-30 05:08:34;1
2026-04-30 05:11:11;1
2026-04-30 05:11:11;0
2026-04-30 05:53:10;1
2026-04-30 05:53:10;1
2026-04-30 05:53:24;0
2026-04-30 06:08:34;0
2026-04-30 06:08:35;1
2026-04-30 06:25:47;1
2026-04-30 06:25:52;0
2026-04-30 06:30:28;1
2026-04-30 06:30:28;1
2026-04-30 06:44:29;0
2026-04-30 06:53:47;1
2026-04-30 07:08:35;0
2026-04-30 07:08:35;1
2026-04-30 07:09:34;0
2026-04-30 07:14:14;1
2026-04-30 07:23:31;0
2026-04-30 07:33:03;1
2026-04-30 07:46:53;0
2026-04-30 07:46:53;0
2026-04-30 07:51:32;1
2026-04-30 07:51:32;1
2026-04-30 07:56:12;0
2026-04-30 08:00:53;1
2026-04-30 08:05:35;0
2026-04-30 08:08:33;0
2026-04-30 08:08:33;1
2026-04-30 08:12:37;1
2026-04-30 08:12:37;1
2026-04-30 08:17:19;0
2026-04-30 08:26:35;1
2026-04-30 08:35:56;0
2026-04-30 08:35:56;0
2026-04-30 08:42:41;0
2026-04-30 08:42:41;0
2026-04-30 08:52:03;1
2026-04-30 08:56:40;0
2026-04-30 08:56:40;1
2026-04-30 09:01:23;0
2026-04-30 09:08:34;0
2026-04-30 09:08:34;1
2026-04-30 09:10:45;1
2026-04-30 09:15:21;0
2026-04-30 09:38:01;0
2026-04-30 09:38:01;0
2026-04-30 09:38:14;1
2026-04-30 09:42:42;0
2026-04-30 09:56:42;1
2026-04-30 09:56:42;1
2026-04-30 10:01:27;0
2026-04-30 10:01:27;0
2026-04-30 10:06:00;1
2026-04-30 10:06:00;1
2026-04-30 10:08:33;0
2026-04-30 10:08:34;1
2026-04-30 10:15:20;0
2026-04-30 10:15:29;1
2026-04-30 10:25:04;1